USE [master]
GO
/****** Object:  Database [Disney]    Script Date: 5/5/2023 09:22:33 ******/
CREATE DATABASE [Disney]
 CONTAINMENT = NONE
 ON  PRIMARY 
( NAME = N'Disney', FILENAME = N'C:\Program Files\Microsoft SQL Server\MSSQL14.MSSQLSERVER\MSSQL\DATA\Disney.mdf' , SIZE = 8192KB , MAXSIZE = UNLIMITED, FILEGROWTH = 65536KB )
 LOG ON 
( NAME = N'Disney_log', FILENAME = N'C:\Program Files\Microsoft SQL Server\MSSQL14.MSSQLSERVER\MSSQL\DATA\Disney_log.ldf' , SIZE = 8192KB , MAXSIZE = 2048GB , FILEGROWTH = 65536KB )
GO
ALTER DATABASE [Disney] SET COMPATIBILITY_LEVEL = 140
GO
IF (1 = FULLTEXTSERVICEPROPERTY('IsFullTextInstalled'))
begin
EXEC [Disney].[dbo].[sp_fulltext_database] @action = 'enable'
end
GO
ALTER DATABASE [Disney] SET ANSI_NULL_DEFAULT OFF 
GO
ALTER DATABASE [Disney] SET ANSI_NULLS OFF 
GO
ALTER DATABASE [Disney] SET ANSI_PADDING OFF 
GO
ALTER DATABASE [Disney] SET ANSI_WARNINGS OFF 
GO
ALTER DATABASE [Disney] SET ARITHABORT OFF 
GO
ALTER DATABASE [Disney] SET AUTO_CLOSE OFF 
GO
ALTER DATABASE [Disney] SET AUTO_SHRINK OFF 
GO
ALTER DATABASE [Disney] SET AUTO_UPDATE_STATISTICS ON 
GO
ALTER DATABASE [Disney] SET CURSOR_CLOSE_ON_COMMIT OFF 
GO
ALTER DATABASE [Disney] SET CURSOR_DEFAULT  GLOBAL 
GO
ALTER DATABASE [Disney] SET CONCAT_NULL_YIELDS_NULL OFF 
GO
ALTER DATABASE [Disney] SET NUMERIC_ROUNDABORT OFF 
GO
ALTER DATABASE [Disney] SET QUOTED_IDENTIFIER OFF 
GO
ALTER DATABASE [Disney] SET RECURSIVE_TRIGGERS OFF 
GO
ALTER DATABASE [Disney] SET  DISABLE_BROKER 
GO
ALTER DATABASE [Disney] SET AUTO_UPDATE_STATISTICS_ASYNC OFF 
GO
ALTER DATABASE [Disney] SET DATE_CORRELATION_OPTIMIZATION OFF 
GO
ALTER DATABASE [Disney] SET TRUSTWORTHY OFF 
GO
ALTER DATABASE [Disney] SET ALLOW_SNAPSHOT_ISOLATION OFF 
GO
ALTER DATABASE [Disney] SET PARAMETERIZATION SIMPLE 
GO
ALTER DATABASE [Disney] SET READ_COMMITTED_SNAPSHOT OFF 
GO
ALTER DATABASE [Disney] SET HONOR_BROKER_PRIORITY OFF 
GO
ALTER DATABASE [Disney] SET RECOVERY FULL 
GO
ALTER DATABASE [Disney] SET  MULTI_USER 
GO
ALTER DATABASE [Disney] SET PAGE_VERIFY CHECKSUM  
GO
ALTER DATABASE [Disney] SET DB_CHAINING OFF 
GO
ALTER DATABASE [Disney] SET FILESTREAM( NON_TRANSACTED_ACCESS = OFF ) 
GO
ALTER DATABASE [Disney] SET TARGET_RECOVERY_TIME = 60 SECONDS 
GO
ALTER DATABASE [Disney] SET DELAYED_DURABILITY = DISABLED 
GO
EXEC sys.sp_db_vardecimal_storage_format N'Disney', N'ON'
GO
ALTER DATABASE [Disney] SET QUERY_STORE = OFF
GO
USE [Disney]
GO
/****** Object:  User [alumno]    Script Date: 5/5/2023 09:22:33 ******/
CREATE USER [alumno] FOR LOGIN [alumno] WITH DEFAULT_SCHEMA=[dbo]
GO
/****** Object:  Table [dbo].[Conexiones]    Script Date: 5/5/2023 09:22:33 ******/
SET ANSI_NULLS ON
GO
SET QUOTED_IDENTIFIER ON
GO
CREATE TABLE [dbo].[Conexiones](
	[IDPelicula] [int] NOT NULL,
	[IDPersonaje] [int] NOT NULL,
	[Id] [int] IDENTITY(1,1) NOT NULL,
 CONSTRAINT [PK_Conexiones] PRIMARY KEY CLUSTERED 
(
	[Id] ASC
)WITH (PAD_INDEX = OFF, STATISTICS_NORECOMPUTE = OFF, IGNORE_DUP_KEY = OFF, ALLOW_ROW_LOCKS = ON, ALLOW_PAGE_LOCKS = ON) ON [PRIMARY]
) ON [PRIMARY]
GO
/****** Object:  Table [dbo].[Peliculas]    Script Date: 5/5/2023 09:22:33 ******/
SET ANSI_NULLS ON
GO
SET QUOTED_IDENTIFIER ON
GO
CREATE TABLE [dbo].[Peliculas](
	[IDPelicula] [int] IDENTITY(1,1) NOT NULL,
	[Imagen] [varchar](max) NOT NULL,
	[Titulo] [varchar](max) NOT NULL,
	[FechaCreacion] [date] NOT NULL,
	[Calificacion] [float] NOT NULL,
 CONSTRAINT [PK_Peliculas] PRIMARY KEY CLUSTERED 
(
	[IDPelicula] ASC
)WITH (PAD_INDEX = OFF, STATISTICS_NORECOMPUTE = OFF, IGNORE_DUP_KEY = OFF, ALLOW_ROW_LOCKS = ON, ALLOW_PAGE_LOCKS = ON) ON [PRIMARY]
) ON [PRIMARY] TEXTIMAGE_ON [PRIMARY]
GO
/****** Object:  Table [dbo].[Personajes]    Script Date: 5/5/2023 09:22:33 ******/
SET ANSI_NULLS ON
GO
SET QUOTED_IDENTIFIER ON
GO
CREATE TABLE [dbo].[Personajes](
	[IDPersonaje] [int] IDENTITY(1,1) NOT NULL,
	[Imagen] [varchar](max) NOT NULL,
	[Nombre] [varchar](max) NOT NULL,
	[Edad] [int] NOT NULL,
	[Peso] [float] NOT NULL,
	[Historia] [varchar](max) NOT NULL,
 CONSTRAINT [PK_Personajes] PRIMARY KEY CLUSTERED 
(
	[IDPersonaje] ASC
)WITH (PAD_INDEX = OFF, STATISTICS_NORECOMPUTE = OFF, IGNORE_DUP_KEY = OFF, ALLOW_ROW_LOCKS = ON, ALLOW_PAGE_LOCKS = ON) ON [PRIMARY]
) ON [PRIMARY] TEXTIMAGE_ON [PRIMARY]
GO
SET IDENTITY_INSERT [dbo].[Conexiones] ON 

INSERT [dbo].[Conexiones] ([IDPelicula], [IDPersonaje], [Id]) VALUES (1, 2, 1)
INSERT [dbo].[Conexiones] ([IDPelicula], [IDPersonaje], [Id]) VALUES (1, 5, 3)
INSERT [dbo].[Conexiones] ([IDPelicula], [IDPersonaje], [Id]) VALUES (2, 5, 4)
INSERT [dbo].[Conexiones] ([IDPelicula], [IDPersonaje], [Id]) VALUES (3, 5, 5)
INSERT [dbo].[Conexiones] ([IDPelicula], [IDPersonaje], [Id]) VALUES (4, 5, 6)
INSERT [dbo].[Conexiones] ([IDPelicula], [IDPersonaje], [Id]) VALUES (5, 5, 7)
INSERT [dbo].[Conexiones] ([IDPelicula], [IDPersonaje], [Id]) VALUES (7, 5, 8)
INSERT [dbo].[Conexiones] ([IDPelicula], [IDPersonaje], [Id]) VALUES (1, 6, 9)
INSERT [dbo].[Conexiones] ([IDPelicula], [IDPersonaje], [Id]) VALUES (2, 6, 10)
INSERT [dbo].[Conexiones] ([IDPelicula], [IDPersonaje], [Id]) VALUES (3, 6, 11)
INSERT [dbo].[Conexiones] ([IDPelicula], [IDPersonaje], [Id]) VALUES (7, 6, 13)
INSERT [dbo].[Conexiones] ([IDPelicula], [IDPersonaje], [Id]) VALUES (1, 7, 14)
INSERT [dbo].[Conexiones] ([IDPelicula], [IDPersonaje], [Id]) VALUES (2, 7, 15)
INSERT [dbo].[Conexiones] ([IDPelicula], [IDPersonaje], [Id]) VALUES (3, 7, 16)
INSERT [dbo].[Conexiones] ([IDPelicula], [IDPersonaje], [Id]) VALUES (5, 7, 17)
INSERT [dbo].[Conexiones] ([IDPelicula], [IDPersonaje], [Id]) VALUES (7, 7, 19)
INSERT [dbo].[Conexiones] ([IDPelicula], [IDPersonaje], [Id]) VALUES (10, 7, 20)
INSERT [dbo].[Conexiones] ([IDPelicula], [IDPersonaje], [Id]) VALUES (1, 8, 21)
INSERT [dbo].[Conexiones] ([IDPelicula], [IDPersonaje], [Id]) VALUES (2, 8, 22)
INSERT [dbo].[Conexiones] ([IDPelicula], [IDPersonaje], [Id]) VALUES (3, 8, 23)
INSERT [dbo].[Conexiones] ([IDPelicula], [IDPersonaje], [Id]) VALUES (1, 9, 24)
INSERT [dbo].[Conexiones] ([IDPelicula], [IDPersonaje], [Id]) VALUES (2, 9, 25)
INSERT [dbo].[Conexiones] ([IDPelicula], [IDPersonaje], [Id]) VALUES (3, 9, 26)
INSERT [dbo].[Conexiones] ([IDPelicula], [IDPersonaje], [Id]) VALUES (2, 10, 27)
INSERT [dbo].[Conexiones] ([IDPelicula], [IDPersonaje], [Id]) VALUES (3, 10, 28)
INSERT [dbo].[Conexiones] ([IDPelicula], [IDPersonaje], [Id]) VALUES (1, 13, 29)
INSERT [dbo].[Conexiones] ([IDPelicula], [IDPersonaje], [Id]) VALUES (2, 14, 30)
INSERT [dbo].[Conexiones] ([IDPelicula], [IDPersonaje], [Id]) VALUES (1, 17, 31)
INSERT [dbo].[Conexiones] ([IDPelicula], [IDPersonaje], [Id]) VALUES (2, 17, 32)
INSERT [dbo].[Conexiones] ([IDPelicula], [IDPersonaje], [Id]) VALUES (3, 17, 33)
INSERT [dbo].[Conexiones] ([IDPelicula], [IDPersonaje], [Id]) VALUES (5, 17, 34)
INSERT [dbo].[Conexiones] ([IDPelicula], [IDPersonaje], [Id]) VALUES (7, 17, 36)
INSERT [dbo].[Conexiones] ([IDPelicula], [IDPersonaje], [Id]) VALUES (13, 17, 37)
INSERT [dbo].[Conexiones] ([IDPelicula], [IDPersonaje], [Id]) VALUES (2, 18, 38)
INSERT [dbo].[Conexiones] ([IDPelicula], [IDPersonaje], [Id]) VALUES (3, 18, 39)
INSERT [dbo].[Conexiones] ([IDPelicula], [IDPersonaje], [Id]) VALUES (1, 19, 40)
INSERT [dbo].[Conexiones] ([IDPelicula], [IDPersonaje], [Id]) VALUES (2, 19, 41)
INSERT [dbo].[Conexiones] ([IDPelicula], [IDPersonaje], [Id]) VALUES (3, 19, 42)
INSERT [dbo].[Conexiones] ([IDPelicula], [IDPersonaje], [Id]) VALUES (4, 19, 43)
INSERT [dbo].[Conexiones] ([IDPelicula], [IDPersonaje], [Id]) VALUES (5, 19, 44)
INSERT [dbo].[Conexiones] ([IDPelicula], [IDPersonaje], [Id]) VALUES (7, 19, 46)
INSERT [dbo].[Conexiones] ([IDPelicula], [IDPersonaje], [Id]) VALUES (9, 19, 47)
INSERT [dbo].[Conexiones] ([IDPelicula], [IDPersonaje], [Id]) VALUES (10, 19, 48)
INSERT [dbo].[Conexiones] ([IDPelicula], [IDPersonaje], [Id]) VALUES (13, 19, 49)
INSERT [dbo].[Conexiones] ([IDPelicula], [IDPersonaje], [Id]) VALUES (1, 20, 50)
INSERT [dbo].[Conexiones] ([IDPelicula], [IDPersonaje], [Id]) VALUES (2, 20, 51)
INSERT [dbo].[Conexiones] ([IDPelicula], [IDPersonaje], [Id]) VALUES (3, 20, 52)
INSERT [dbo].[Conexiones] ([IDPelicula], [IDPersonaje], [Id]) VALUES (4, 20, 53)
INSERT [dbo].[Conexiones] ([IDPelicula], [IDPersonaje], [Id]) VALUES (5, 20, 54)
INSERT [dbo].[Conexiones] ([IDPelicula], [IDPersonaje], [Id]) VALUES (7, 20, 55)
INSERT [dbo].[Conexiones] ([IDPelicula], [IDPersonaje], [Id]) VALUES (9, 20, 56)
INSERT [dbo].[Conexiones] ([IDPelicula], [IDPersonaje], [Id]) VALUES (10, 20, 57)
INSERT [dbo].[Conexiones] ([IDPelicula], [IDPersonaje], [Id]) VALUES (13, 20, 58)
INSERT [dbo].[Conexiones] ([IDPelicula], [IDPersonaje], [Id]) VALUES (3, 21, 59)
INSERT [dbo].[Conexiones] ([IDPelicula], [IDPersonaje], [Id]) VALUES (4, 21, 60)
INSERT [dbo].[Conexiones] ([IDPelicula], [IDPersonaje], [Id]) VALUES (5, 21, 61)
INSERT [dbo].[Conexiones] ([IDPelicula], [IDPersonaje], [Id]) VALUES (7, 21, 62)
INSERT [dbo].[Conexiones] ([IDPelicula], [IDPersonaje], [Id]) VALUES (9, 21, 63)
INSERT [dbo].[Conexiones] ([IDPelicula], [IDPersonaje], [Id]) VALUES (10, 21, 64)
INSERT [dbo].[Conexiones] ([IDPelicula], [IDPersonaje], [Id]) VALUES (3, 22, 65)
INSERT [dbo].[Conexiones] ([IDPelicula], [IDPersonaje], [Id]) VALUES (4, 22, 66)
INSERT [dbo].[Conexiones] ([IDPelicula], [IDPersonaje], [Id]) VALUES (5, 22, 67)
INSERT [dbo].[Conexiones] ([IDPelicula], [IDPersonaje], [Id]) VALUES (7, 22, 68)
INSERT [dbo].[Conexiones] ([IDPelicula], [IDPersonaje], [Id]) VALUES (9, 22, 69)
INSERT [dbo].[Conexiones] ([IDPelicula], [IDPersonaje], [Id]) VALUES (10, 22, 70)
INSERT [dbo].[Conexiones] ([IDPelicula], [IDPersonaje], [Id]) VALUES (13, 22, 71)
INSERT [dbo].[Conexiones] ([IDPelicula], [IDPersonaje], [Id]) VALUES (4, 23, 72)
INSERT [dbo].[Conexiones] ([IDPelicula], [IDPersonaje], [Id]) VALUES (5, 23, 73)
INSERT [dbo].[Conexiones] ([IDPelicula], [IDPersonaje], [Id]) VALUES (7, 23, 74)
INSERT [dbo].[Conexiones] ([IDPelicula], [IDPersonaje], [Id]) VALUES (9, 23, 75)
INSERT [dbo].[Conexiones] ([IDPelicula], [IDPersonaje], [Id]) VALUES (3, 26, 76)
INSERT [dbo].[Conexiones] ([IDPelicula], [IDPersonaje], [Id]) VALUES (4, 26, 77)
INSERT [dbo].[Conexiones] ([IDPelicula], [IDPersonaje], [Id]) VALUES (5, 26, 78)
INSERT [dbo].[Conexiones] ([IDPelicula], [IDPersonaje], [Id]) VALUES (7, 26, 79)
INSERT [dbo].[Conexiones] ([IDPelicula], [IDPersonaje], [Id]) VALUES (9, 26, 80)
INSERT [dbo].[Conexiones] ([IDPelicula], [IDPersonaje], [Id]) VALUES (10, 26, 81)
INSERT [dbo].[Conexiones] ([IDPelicula], [IDPersonaje], [Id]) VALUES (13, 26, 82)
INSERT [dbo].[Conexiones] ([IDPelicula], [IDPersonaje], [Id]) VALUES (3, 27, 83)
INSERT [dbo].[Conexiones] ([IDPelicula], [IDPersonaje], [Id]) VALUES (4, 27, 84)
INSERT [dbo].[Conexiones] ([IDPelicula], [IDPersonaje], [Id]) VALUES (5, 27, 85)
INSERT [dbo].[Conexiones] ([IDPelicula], [IDPersonaje], [Id]) VALUES (7, 27, 86)
INSERT [dbo].[Conexiones] ([IDPelicula], [IDPersonaje], [Id]) VALUES (4, 28, 87)
INSERT [dbo].[Conexiones] ([IDPelicula], [IDPersonaje], [Id]) VALUES (7, 28, 88)
INSERT [dbo].[Conexiones] ([IDPelicula], [IDPersonaje], [Id]) VALUES (5, 29, 89)
INSERT [dbo].[Conexiones] ([IDPelicula], [IDPersonaje], [Id]) VALUES (7, 29, 90)
INSERT [dbo].[Conexiones] ([IDPelicula], [IDPersonaje], [Id]) VALUES (5, 30, 91)
INSERT [dbo].[Conexiones] ([IDPelicula], [IDPersonaje], [Id]) VALUES (7, 30, 92)
INSERT [dbo].[Conexiones] ([IDPelicula], [IDPersonaje], [Id]) VALUES (13, 30, 93)
INSERT [dbo].[Conexiones] ([IDPelicula], [IDPersonaje], [Id]) VALUES (9, 31, 94)
INSERT [dbo].[Conexiones] ([IDPelicula], [IDPersonaje], [Id]) VALUES (10, 31, 95)
INSERT [dbo].[Conexiones] ([IDPelicula], [IDPersonaje], [Id]) VALUES (13, 31, 96)
INSERT [dbo].[Conexiones] ([IDPelicula], [IDPersonaje], [Id]) VALUES (9, 32, 98)
INSERT [dbo].[Conexiones] ([IDPelicula], [IDPersonaje], [Id]) VALUES (10, 32, 99)
INSERT [dbo].[Conexiones] ([IDPelicula], [IDPersonaje], [Id]) VALUES (13, 32, 100)
INSERT [dbo].[Conexiones] ([IDPelicula], [IDPersonaje], [Id]) VALUES (9, 33, 102)
INSERT [dbo].[Conexiones] ([IDPelicula], [IDPersonaje], [Id]) VALUES (10, 33, 103)
INSERT [dbo].[Conexiones] ([IDPelicula], [IDPersonaje], [Id]) VALUES (13, 33, 104)
INSERT [dbo].[Conexiones] ([IDPelicula], [IDPersonaje], [Id]) VALUES (9, 35, 105)
INSERT [dbo].[Conexiones] ([IDPelicula], [IDPersonaje], [Id]) VALUES (10, 35, 106)
GO
INSERT [dbo].[Conexiones] ([IDPelicula], [IDPersonaje], [Id]) VALUES (13, 35, 107)
INSERT [dbo].[Conexiones] ([IDPelicula], [IDPersonaje], [Id]) VALUES (9, 36, 108)
INSERT [dbo].[Conexiones] ([IDPelicula], [IDPersonaje], [Id]) VALUES (10, 36, 109)
INSERT [dbo].[Conexiones] ([IDPelicula], [IDPersonaje], [Id]) VALUES (13, 36, 110)
INSERT [dbo].[Conexiones] ([IDPelicula], [IDPersonaje], [Id]) VALUES (10, 37, 111)
INSERT [dbo].[Conexiones] ([IDPelicula], [IDPersonaje], [Id]) VALUES (9, 38, 112)
INSERT [dbo].[Conexiones] ([IDPelicula], [IDPersonaje], [Id]) VALUES (10, 38, 113)
INSERT [dbo].[Conexiones] ([IDPelicula], [IDPersonaje], [Id]) VALUES (9, 39, 114)
INSERT [dbo].[Conexiones] ([IDPelicula], [IDPersonaje], [Id]) VALUES (10, 39, 115)
INSERT [dbo].[Conexiones] ([IDPelicula], [IDPersonaje], [Id]) VALUES (13, 39, 116)
INSERT [dbo].[Conexiones] ([IDPelicula], [IDPersonaje], [Id]) VALUES (9, 42, 117)
INSERT [dbo].[Conexiones] ([IDPelicula], [IDPersonaje], [Id]) VALUES (10, 42, 118)
INSERT [dbo].[Conexiones] ([IDPelicula], [IDPersonaje], [Id]) VALUES (13, 42, 119)
SET IDENTITY_INSERT [dbo].[Conexiones] OFF
GO
SET IDENTITY_INSERT [dbo].[Peliculas] ON 

INSERT [dbo].[Peliculas] ([IDPelicula], [Imagen], [Titulo], [FechaCreacion], [Calificacion]) VALUES (1, N'https://m.media-amazon.com/images/M/MV5BYTRhNjcwNWQtMGJmMi00NmQyLWE2YzItODVmMTdjNWI0ZDA2XkEyXkFqcGdeQXVyNTAyODkwOQ@@._V1_.jpg', N'Star Wars: episodio 1 - la amenaza fantasma', CAST(N'1999-07-08' AS Date), 4)
INSERT [dbo].[Peliculas] ([IDPelicula], [Imagen], [Titulo], [FechaCreacion], [Calificacion]) VALUES (2, N'https://m.media-amazon.com/images/M/MV5BMDAzM2M0Y2UtZjRmZi00MzVlLTg4MjEtOTE3NzU5ZDVlMTU5XkEyXkFqcGdeQXVyNDUyOTg3Njg@._V1_.jpg', N'Star Wars: episodio II - el ataque de los clones', CAST(N'2002-05-16' AS Date), 3.7)
INSERT [dbo].[Peliculas] ([IDPelicula], [Imagen], [Titulo], [FechaCreacion], [Calificacion]) VALUES (3, N'https://m.media-amazon.com/images/M/MV5BNTc4MTc3NTQ5OF5BMl5BanBnXkFtZTcwOTg0NjI4NA@@._V1_FMjpg_UX1000_.jpg', N'Star wars: episodio III - la venganza de los sith
', CAST(N'2005-05-19' AS Date), 3.55)
INSERT [dbo].[Peliculas] ([IDPelicula], [Imagen], [Titulo], [FechaCreacion], [Calificacion]) VALUES (4, N'https://m.media-amazon.com/images/M/MV5BOTA5NjhiOTAtZWM0ZC00MWNhLThiMzEtZDFkOTk2OTU1ZDJkXkEyXkFqcGdeQXVyMTA4NDI1NTQx._V1_FMjpg_UX1000_.jpg', N'Star Wars: episodio IV - una nueva esperanza
', CAST(N'1977-12-25' AS Date), 4.5)
INSERT [dbo].[Peliculas] ([IDPelicula], [Imagen], [Titulo], [FechaCreacion], [Calificacion]) VALUES (5, N'https://m.media-amazon.com/images/M/MV5BYmU1NDRjNDgtMzhiMi00NjZmLTg5NGItZDNiZjU5NTU4OTE0XkEyXkFqcGdeQXVyNzkwMjQ5NzM@._V1_.jpg', N'Star Wars: episodio V - El Imperio contraataca', CAST(N'1980-07-31' AS Date), 4.2)
INSERT [dbo].[Peliculas] ([IDPelicula], [Imagen], [Titulo], [FechaCreacion], [Calificacion]) VALUES (7, N'https://m.media-amazon.com/images/M/MV5BOWZlMjFiYzgtMTUzNC00Y2IzLTk1NTMtZmNhMTczNTk0ODk1XkEyXkFqcGdeQXVyNTAyODkwOQ@@._V1_.jpg', N'Star Wars: episodio VI - el retorno del Jedi', CAST(N'1983-12-08' AS Date), 4.2)
INSERT [dbo].[Peliculas] ([IDPelicula], [Imagen], [Titulo], [FechaCreacion], [Calificacion]) VALUES (9, N'data:image/jpeg;base64,/9j/4AAQSkZJRgABAQAAAQABAAD/2wCEAAkGBxMSEhUTEhIWFhUWFxsbGhgXFxgYHBsfFx4WHBchIR4YICkhGBsmIR4YIjIiJiosLy8vGyI0OTQuOCkuLywBCgoKDg0OHBAQHCwmIScwNi4yLjEuLjA2LjEuMDAuLjMuLiwuLi4uLi4uLi4uMC4uLi4uLi4uLi4uLi4uLi4uLv/AABEIAREAuQMBIgACEQEDEQH/xAAcAAACAwEBAQEAAAAAAAAAAAADBQAEBgIHAQj/xABCEAACAQIEAwYDBgUDAwIHAAABAhEDIQAEEjEFQVEGEyJhcYEyQpEUI6GxwfAHUmJy0YLh8UNTkhYzFSRUk8LS4v/EABoBAAIDAQEAAAAAAAAAAAAAAAAEAQIDBQb/xAAwEQACAgEDAwEGBQUBAAAAAAAAAQIRAxIhMQRBUSITYXGBofAFMrHB0SMzQpHhUv/aAAwDAQACEQMRAD8A8OxMfcESixEhSRtOAmgWJg32d/5TiCgedsRZOlggMFp0CcHSgMH1BRYT6+3+MFllDyV1y3X9/u2OWy3S+DO8WsI9v2bYEWIuNvf98sBDQBqeOIxY7zlF/wAv3f645nAQAxMWK9MAAjFfEkNUTExMQDABMTBky7mwRjPQE4M/DKyiTRqADmUYD8sBNMp4mOtB6H6Y+FT0wEHzEx3oPTE7s9DgCjjEwX7O38p+mPjUWAkggYApg8FwLBcAAsHE6ABzY/kuAHFvKmCh/r//AExDLRVugyslMFTLGQSNlkSB/cRJv5nAnzYJnT+74qHEGIot7R8LYYI2oeEgG9tuv+30xyxOzfj+/OMMctwJ3pLV0inTMfe1DoSfIm7nyQMR0wfjXCqmXALMXpkKAWHdOSR8tKoe9ant4yoB8rYhNF2nyxE/Kfz9Md0xP08zv/zggp6vELj3nc7x7YG1Mjaf059T5fuMWKNENCf+Pz5AxjgJz6/5xfywDeUcunt1sfTBqmV8sQ5UXjivdC5Kcgg88dU6CDVrJBAGkBdUmRMmRphZM3kgC0yLlOjBxYzGR109S7r+I5+pFzPkfLExyJPcs8Da2FaUVsZEz8MGeRnaI5bz5RhzwrLESFJAaAR1AIIn3AOAZThxxo+EcNYsqIpZ2ICgcybDEZc0Yx2Hei6JyknJbGq7AcBatXQgHu6RDMx28Pwgf1TBHpfHP8Yu2veN9kospRHGo38TrIbxSPAJ0/3A3tjZcezdPhHDe61RWamw1JZtRHicT0JtPl548LyOVLMK7iBA7tSZPkxHIDcTvIOMoR8/F/wT1GX2s7ituF8O7K1GiKSQ5u0Fuu1h+N8KW8UtKyDsdzuTygxAEE/MIBvGlzOVFW06T1Ake4/UfQ4U5jhzUHXvaepSQdyA6jcBl5H6i22G44pVqOd1Eop6F2FVMC8g7Wj8P0GOglpA945i5A+q/X6/RAmR5fl9dsd6bXYWFgT53AiQDubxt1iYowO1AFpkgnb4eUEHzvyGw62t8SohaYYEQ4B06gWWDB1QBpkgsB/KVxRVom025k2PURH4zvj7UqEob9LTO0fv/jGjl6GiEtylguBYLjAsCOLuUI8HXWLzytNvp9MUsFmFB/qP/wCOIZaLp2DIx9RoMjBMz8RPW/1vgOAhqmeg8CzKlCzTIUfeTosZs1euSyCRtSQGTYjE4r2ooIhp5eqQWBFQZemaKNP81R2NeuTeSzAX2xjMlRD2d4A2Fyb9LgfjjQcJ4VSLJ3tKmFDDWXqVIAkSYUg7fLqBPLGTqL3HY65rVFL79xWymTp1KLPTVlYNpnVMsVZkVk6NpYBgdxBBnFXKuHgFYJA6XFtiT5Y13FM7SCVO4orK1lGqk3yI6svhAABkWFyJ3PiwpGWpB9IiprqtJ2HhXWdMfCJIHscRq2NFgk2uF9OSmuWPUyPry6DzOLtJJ3/Efu2OKDwxUgkBiBJvY7Ye5HhmsFhAUCWMAAdPUmwA5k4znOhnDh7ig5KeX75+2LeVQU1l7Aepk3IFhuY9PTFHiPHyjAUVXTAOpgGLTfY+EDyA98FTjnfQK1KmYMgqoTeNVlhbwOU4hxk1bJWbEpVHkvZSkpErsDEHfynHqvYLgC0Kf2zMQp0koCPgU7sf6iLeQ9TGT7G9n0r1KcOO6I1uSRPgIlI63HtfDX+I3ao1Q+VoqDTBALFo1EXtyjkCTFp6EZRe+p/L4jfU5HKCwY++8muy8fMxPb/jI4hnCZPcIJCzuFsBbaSfbUfLCTM1yTPM/uw5DywXM0xTEW1EeI+8geXK31uMLe8k46HT49T37fqczM1iW3L+i7IuZOrDA41nDFpVVNKqodG3Xz2lT8rDr+lsY+gmH3CX0sDOOxDijiZbe4k7V9lXyjSPHSe9N4PLcED4WHMH1GM2UIt1g8/MdOl+kedsfoHI5alnKL5eqLN6SD8rCfmX8RIx4v2q4JUydd6FX4l2IMhlMhSOgIGxvhXJBBCd7MQh+XLf9/4x9aNJPPpFotF/ry5eeOWHkf2JH6WxJ8Le3Tr9cKNmyK+C4FguKkgsEPwj1P5LgeLC1SKemfCWkjlIEA+ok/XASjhjKjyt+o/X6YFi01K8Bw8oDI1WMTp8QFxGm0joTiriED8lvIAFgp529+X+PfDGsKgYc9OxtIA2sbGL4TKYM40bNrCuNyL+o3xSezGsC1Ra7o+Uc89qcrAYkrGjVP8AMIn6YdZWiG0NpVFpCQFNiCDMztM4rcOeTpInF7iTKtMU0A1M0t5D92Hv5YWybvSkdnp4aYa5Suu3w4X+xfl01OSNiSR7mcaTilGpTytNadNtTnUXjwg30iesCY/qwp4dQ2x6ogFTI0FtCz9bx+EYpkkl8ik01BX3e54pV4NVAEryxSFMrj2bM8OUHUQIHtjEcR4AHLMNXOIIj8r4IdR/6FpdMmrgU+y3ELtSL6dSkhpI0soJU26nw/6sDqZ18xEi5O+0naf8x54Bw/JEE6gNR8M7i0HY2mCD6TjnKcSanVmFBp2WVJUgSIYTsRN/2LOCbbSLRyzUUpPYPncq7mwJJ6A4DS4Q0nWy04idbARO0xsTBthy1E5oF8tqJX46Uksg/mEfHT8xccxHiKXN5U2E2/DHT6WSUaQn1ac5XYwyFLLJUAYtWsJ0SqzafETJ5mwjGwzvD6JQvSprTVYkkEN4hMCdzANgTcY89WKZVp6T5Y0uR4ulFkqIwJAEg3Ejex3vefQ4YyZHCmKQwKbqxzwzOtSO0QJ0mJjq5a1JYOxMmduRX/xIAzVAVSAK1HmJGpG+IeK/hJ1AkCxa1xilU4rTLllEKLgajv1Hn7zvfC/jHEWqKAIVZ2Ft/wBnGuNa+THLijDgxNSSdhJ6KBv0CiB7DHBHhPt+Yxcq0bkG3t6YFnGlTc8hf1kx0EkmPPCuTHSZMWLsFwLBcLlgWOjsPU/pjnHY2v5/kIwAdIwBBEyP8n/bHeapwZGxuPLqMcquo78p+g9v31xdylLUIYgJMaj73g4q3W5pCLl6ULcNsjmwECzedo5fuPphjneG0jSc01lgRzJMTfc74R5QX9sU1KaNnjnhmla3NJSrKLgjYx6+++O8tLGWM4TUFvjRcKpkwBjKS07nRwSeRpDrhdCbY2nD6lXue6pqjEtPiBmecQdyLewwg4bQ2AxruF0YYdbH3G2Esku50Myj7PSxLxfgFWq1NzUaBpbTaLiTy38xeOYx1ncqKNPQJZiLk3xrOO0dBVnBCt/KpsRFidh+GM7nqwKyQb7Tv+GM5SrYTwvVuYHLUWNV9p8Y6wSAJjaQAv1OF9LglSpKojPpFwJJERcciCPl3xq6N3YqB4t/84t5Ciq1YJiQb9OhHpjfHl9VBlxKjEU+HZmm4qrFNgZUiokmCIiCecWPlOLuY4icz4cxS7utFqwUqrnl3ny35VB6mRcNOKqUVabDUGao9urOzSvQ+Lbz6HCrgmbY1QjXVgQB/UtzHSbn1jznp49jnzbFFek3wxBEgzbbceu+K1XIPIgqfrb8MO+KjXWaLm0k9QBP029sL85n1oQIlgNuQ5388dGCWm5CGXnYZ8N4JddTzHJQR05z+mN7wzs1l3WTRp7c7/ncdceV5XtjUVpKUyOkMD9dWPWuxfGUzdHWgIKwGU3IJBj1HQ+uJ9pFr0sxkpdzzj+IvCly+a0qoANMG07yy9eUA4xmc+H6Y9N/izS8dFucMPppP6nHmeePhjzxXN+SwhyL8FwLBcIGwLHY29/8Y4x2otgA6pJOH2VRYcHfuwq+rSeW/wAMf6sJ6CYZ97oOw8YAB2giYM+hP1xnMbwUt2c8KzJQsjz410jexG3S3nywXI19NNgwWZETG3lirU4i8lQdrXF7euBo7NAJsCSPKd/yxXTe5bWlSTuhnRpgmVGNRwWkAJPpjMZFDyONVkHYBRbGGXwdboI3bNnwPKXB3GNvwbhgnWfKMY3smrPVUA35+n+MelAR4R0vhaEdcrfBh+IZHB6E+RbxSkapjddtJ28zhRxHhqU0dwNTBTptsTYQBzxqig6YpZwsI0wN7+0friJ4ndydiWLK1SRha/Dqa0lme8aGsPhXa/md45T9UOe4v3ZhYI2jSBPqefvjRdt813SFgPESBJm//A/PHnrccrVKtKjpDrVYKVYSIMgkH5SBqM+R6RjXp8Lc6Ww5KaUNUhlm8139OVsyMCR5c/b/ABinkUNHvSqqXVtSMwnRrkSt41XG8i22O6FE0a5UwShhoNmBg/Qggj1HQ40HEuCgDUD4WpkyZiFIINhPzD6Y73TYaVyOP1OanRksjliXvJk8/wB74yeY4fVrMzKpJJJtj0PhiIWXxgEmADY2j2v0nAeM8OOVqPpAIJDReR3htFoN59lw5khGS0sThkuVmW7PdjHr95rqBGVSVWNRJHXlG+2NB/CfvKGfNCqCmum3hawMEaSP5rggdZx1VyWZplK/dHumB0sII1aiDrVXDlYm2Nhk8o1VaFSmVZ6WapyyoF+60hmBFyUWpe5m8z1535XsPSgtIl/ioklI5An6kf4x5JxLb3x7b/EWhqYen++PGeNyIE2DGByE7/kMNZV/RsThyKMFwLBcc43OUSTGLtCnpuJBBkEG4IuIPLAskRN8MRSm0jFG6N8cLVgXoFWIMEi5ghhcA7qSOd+hsb4OtLWF3kGbDUbdBzOPpolbXHXlM8sMsuO7okndtrsPxX8jjOUhrFi3d8CesQzGAQQYuIPpbnjuimOaSQdXOZvJ/MzhwuUBuuxgieh5e3TEt0Rjxubs5yNHGp4fSFiTthRlKON52J4YrTWdfBRNv6nMaV9Bv7j0wjmleyO908Vgwucvt9jY8ByaZSiKtRSHfYHcTsPLzw1yGa1yxOEFeqc0SoqeL4k/kMco5GJv6G4x3lc+Ka6ZiN5ttvPnP0xisltaeEcieOU23L8zNS9YRhLxTiSqdA1FjyX/AD+/0wkrdoO8cBAdKsL8p5k+QF/IeuKfF+KD5TAMnzvvfpODJkkyMXTb7nPadVZWouaaeDeb6xBABPxchsMeb5gUn/6ia48TTrQJTUl9KRIlZ2vv1xoOItrtBB8if37YRZjh8qNag8pFjPKYF8NdJJa7Zv1EJLHpRoc8oq0g9OmveUdCHu9tAVVAN76Tt0XGl7Ncbp+CnXWAtJwwIMwCrEEG8wNvLGGp5KlQpA1CyEgGmwlXB8RMGmNWkiPzGCZXL6ESu2Z75WIDqKneOLHkdOkfCNLT6wceghOLWlnBzYpv1G77Z9l0VBmMssLALASY6Nf8fPGHyD6x3ZJZkYEDqhgED0Mbfzk41nYntaEApV57l/C2sRoY222NM3n6+qzt52YfKVRXy86GMoRfSf5fO23Ue+N8Umv6c/k/IlkTi1JcCr/4idDLmKrkKVZVprIUiZOq5BM7C2Cf+qBlWADEkq/wgEksulYBkTMG9rXwnzDPUbU/hPRmMT5C0e+FOaUoSQVJHzSGbyE7KPTGObEou0dHHlcsdSGNPi+equozVfvJMFQlMRINyVUHz5bYyfaPf3/zh9wgkP4iZgtEzt+W+EHaN5b3xR/2mZTSUlQlwXAsFwiWPuXqaWBtjcdkMnlcw+jM1DSBB01ABEyIkbRE9MYM4d8CzEb8o88ZZVa2HOjmlOnwz0Tj3YGrQBqIBVy8AiqhB8MbkC4HObiOeMzxKjqiBYbbY2PYztpVy0KSalI/I76Qv9pMhPSy+m+NdmuyeS4hTNfJsEdhJUEaQxEw67oZ3j1g4WVt3Hnx/B121jjpyrZ8SXHzR4S9GDef3thpkvgX988MOMcFejUKVEKOu4PTkQRYg9RjjIUQLMs9LxiJZU4l8HSNTtcMZ8D4e1eqtJBLOYHQdSfIb41HabjtChUpZGk8JSDCp4SNLzEsfP4pHJr74a8CyicMyVTO14FVk8IIkifgQCxljBItb0x5fSJr1HrVJLuxZieZMfjv+GM9CUG5dycmV9RmUMb2j9X3fyNLmOOPTraabRoI8UCSeonl+e+GdXPjMC5h5l4nx+Y5A7kiL8sYivb4dx74Y8EoVMwwVI8zJtAEk+fO3MxjH2aS2KZLjL1GodkIpIW0U5aYMEwjNEmwkrufXFvIcOUU2E6y9SEBg/KCBPUS0m1r2wPuqK0/gNaI01NRTxAEEiJBUAgXB+Le2LfA3I0rEKlOS0yZcr0gbMRYbYznkVqK5K6XTkuF9/qL+0TjK0YUgVGkliLqFHiJkeEXBjfxKLkmMA/aKs40sYnZ9MERtsJx6DnaZzDPqGrVYTtNRtQkc9PhI5eFR1mcS7K0KNIEJJG5543xuMexi3J8szHZ+sc4rZPMVJqMfuqkEkGDCnc6DbmIsbYzS5XTqRgysrQ6ggfARI1TYyGH06Yd8Ly8ZoPTnUnjXyKkEW9RHvjWdtOBJWDvDI1SHOm0FgCbEdd8dBZHpTFHj9elmN4VlKn2arrkMlVdI5EMGHh5aSYNrAhtiTj1DsLnjWy/2TNgMNkJINraR6g7H0HTHmvDMtUp5WuzPqQ1kULzVgpM/wBrDz3T1l3wHPkRESP3vyx2IR14UcjNCWt12HXaDs9UpsUd5U3Wwhhbl16jHnPF8poYkCYmw2HX9jbHumTzdPP0TSZvGBv+vn5jz+nlPa7IGi7I4hgeg/Z9eeJxy1+mXJWE9LrsYzK5nSdQF5En0/TCfjBuf7rdIvH6YZ10In1OE/EDP1/TGeaOmLNnJSaKGC4FguECwLDXgo+L2/XCrDbge7T1X9cVnwbdP/cRpMpWAF9uQ9Le2GnCe0FTLVA9F9LbWghh0I2YfsYzKG8dD/ycN8rxBaFJmpy1cizcqVNoUvP/AHWLBBp+EEnciFXBM7Meoai0+PBps92hGddjnGKMFhIWEXnB3InrflY2GPvAMrSTM0zXb7lXBZwJUkSVupIK6huNx7xjk4iSIYyIi94HKJ5em+LdPjDUqbaWgEwoGxI57XAsb8yuKSx2MQ6mKjV0qrbavga3+KPakZusuUoqO6pPJexLvEWt4VF/X80WRYIyiNUHY7E+Y5jyxx2T4HWrqatMhnmAm7R1g7g9RPnE4d0+z1ZK2mogDi7KWSd4sAbg2NuRxlmlb37F+khDFi2aTfv3r/pW41nRmGRqpCgMqswUagPmstm2JX0x9oZkUarUihFMjTAjXoJBDOSo1mCpgWtyw7yHDzlKumqgmqtOGYKxnU11gW3P/EY67RuiO2YuUVSziEto0gQYm9tzhf2y/JQq03T7FrM0Eq0pVtHdiFvGq23uAbeWLfDlNKg7AzUKoqgzpBZoXUY2BA9sKanHKVYqhGjwqZJWJaQgMRcjVB8vPHztnnu7y70Q4FVigIBkhQDqnl1EeZwvCE/aJSRM5qUKTNJwej8xsTyaBDSxP6YTcX4ZWfNqPtFQobupJCiJPh6dIvj72e4oGUTZmPikz4lA1+58LRyDjH3iXEyarV5YCmCqKElf6iSQb8rRAJvcw3C06MmrdmY4BlW/+JojNpXWdMAeIamU3v0Ixp+KcPFTM1qneHwUmOgtYlVbRHJf/wCfXGe7GZhqmZesyqRTUkdAWdmF+viqQfIdMWu0mZ79lp5eovjktESOpMQ0ATzMxh1O3GCMeG5MzgquMvDOCHqa9IEQUGkH3BI9jivl8wwMAT+X44ZZ6kBYCFUQB5D9efviktBmson8h6nYCxMnocekhHTBJnMTtuRa4Rx2qlcMG0uplZO/7HI+mPUs/laXFct3iKO+QRH6X5G5BP8AnHi2bemW+7YsVszRCsbklfIed+fOBouzPaRsq6VVqA28dM6rjVBWbiSPFPKOZgGMkNSUo8oTybO2ZfjdAq5UgggxBERHlyxl+IpA98e+dvOztPO0Pt2VuSssoAvEST0IvPoD1OPDuOUtKiR836HGeVrJicvH0K4pvVTEmC4FguOYNgsM+DtGv2/XC3F3hnze364rLg0xOpoa195GzRP1Or8MCzTc+n7/AAGPpeVg+3kZ/HnivTD3MCB572v5dPqPbJIdnO+DvLklgBcG/pEknzAAJ9sWAwq1Avwoo/AbD1J39TgAq90GC2ZwA39ImdA6fKW9I6yXLtAiQYvI3JPXA/JXG96f37jXcC4k1Koj0zDKQRyFiDB6r5Y0PantJQqVaqGQtTdgdLWIiCdzPtbGR7PZfvKlNJjUyrPTUQJ/Gcafi2YTvXqCmIQlFAHwqpIX6KB7z1wk0lKjpZpa4xbW/wCw24dl6tXLqaa1GCKFQsZJVAIiY0m23na9sBUtVouoXW2lYUzDaNxHzEjVY2mJxX7G8dcVStM/EAdIOxJt7x+WHv8A6hpGrVVVWVCmQIJLFgxnnsNuvnhXLh9acXvyEMr9m4OO3ZmH7W5UB1pUqYkQCIAkkwutlvYEifO+1k/Hsw47tWPiFMBjJMmAG3vBvvyONVnKVMsWVTIZWVtRuWZS2kRHhmZvy9cUeKcPOY8QQkgXb0mCTzPrhmMtGlSKRx61LSU+B8aUt3dR+7Sro+8v9zVURTqf2TKOLSrzPhGLnFOPkFqFekwqg6WCEMJ3kX2NjIsQQRvjG57LtS1KR0/A4u8G44XeklRAzUoWkS2k6BJCMYhlW5WdtsOeyjKmIvLKDo2XZnO09L5QI6Vag1FiJ1qJ5j4QBIg9Tck4U9oSKeZAoEipACgBiVJ8IJIH5Yv9o+Kqwp01y6rWgP3ha6DUCB4TEEgEzYWtMEIRTbMELRrktULuSQwkvM0qZ+IA6mUloBaAvikY2hhSyakZzzvRpD5fij1Pu30O6yalSQlOmoF5cSHcGJ0iNx4iQcMaxSsuhFYUoF3sXJnUdIAIBtvePpgGf4bTpZdHFMBAyMqEfeVBcBtrXPhTYlheSJ7atqRWpFWBEiSRPuAYPkRbHSg5PlikEhbm6TLZUSP7yD6QV0x+5xR1nmhHup9dj+uGGcSqT4UD9AjEk/8AkFJ+mFtaqFIFWnUTry+moDDUJryzPKrNr/D/ALWnK1O7qGaNSNQ6TYMPTn1Htij/ABq7OJQWnmaMd1VcRGwJVmt/SQJGMwlWnYjVve429eu974N2q49UqZGnlmOpErB0MklRpqCLi4v+5xn1ELi5R+fvFYqpow2C4EcGjHKHQYE4tZJwDf8AKY8wJEkbxPLFWfwxbyVAMD4gpkRqspF5k8uX1xDLR52LdDMU4OsEnlDQBb0PPHK1yN9JgACOZ3943P8AzgeYzZcgPcDppXboYMYAgB+aDEXXw8uYn12xSvJs8lbL+DqnQd50IzRvpBMT1jFzh9AmoqOCmpguppCgkwC02j0iwOGvC6FIMNGYajPwuFbQ8MR4gpYzcCAI3x6G/Zip3FN6Wb746hIBqFQZglXE6THUKcYZc6hybYsGrezD8FoVEzCU2mk4qBSWBIQzBLAXgEGSBEYcdpc0utwQ1NjPeAEFZNjEb3m9vrh1wnhR1k16RAkDwAyqSdEnZhPOJ3FzAAOMdnkJYhpBvpggz828ST5xhGfUQ1qzqYcMnFxXIp7L5xFqoVN2dT12IN/SMVOJ0DVdgXIuQR5TcGNx5YscO4Y1GuCReSQf99saXiHBXdtcAA3LMQJPPe5vzxEsiWW490awx+hrJsZDK5Luza14kDrGNsTUOXIoKacAKXfMNTVjoBbQBOk3GokAeIDzCujkjrRIGt2CosjxE33JjTHiJ6bTbF3i1DOQlBF7hSTrqaFAIuBqdmIIAaIIU7SPCIvCTlK2ZdQoQhUXv4M32goq6ow5qPPxL4Xg/MNYaG5iDjPcLpJTrg1LC8HcKepAuRuItJIuBcNspkq70qdZnHdlxRCNUGqmqOtMTT0ygU1EnxfPMHHCcND1IfUFUMz6RLAICSAP5jEDzOOxgxOmjjZckZK+4KuXzDkgsKLAL4vm0CF1aQJUGLWHXGl4Hw7u6HesUQJ4adRiSFM306RqqQOVvF8wuMMuyWayFTXl6dOoraiSWFV4Zv5jo0oD6gYc8eyQNHuQFnSIYrPdgXsvX/OL5WoNJEYYe0TbMTkDUdqi1dddXli7lVuTEEKfCDMwBaPO16jkQFCotgLAQAJk2k2uSd/XmcA7PqQzUysaTqgyDvDDSdgLfXGk4xk9ID0iNpIHmAf3/wAYcwpNL3ifUZo4XTM3xXIuEXUlhqjwwTJ5t83OLmMJsxnKyCA7xyBuB6BpgY2WT4pVAnSQoF9cqn1PKBuIwbMZWhVXVUpIk/MTCGYiKtGyTNu8Rgf5saubg6kKPqZcSXzPLq2ZMQesiwETvsLzb6YocRfUgFvim9uRxvONdk6a3LPR1DwmqNdNvNa1AMGH+keuMb2h4HVoIrtoZC0B6bq6kwTEqbGATBg4yyZouLSNMeSEnXczzrGO8cHywTCDGgQOLmVQQZv6csUsWsufCR1/TFWaQ5DZbI1Kh+7XVB6gbf3HF/L8PqFwjDLmCWhq9JR53SoJNthfC2i5XUVYAgA3JB+JRYTDG+xm09MMcicw4Omj3oBExSV4nz0kD9MVfBeKTY/y2XoCmRFNlLKwTvmWrSJtEldLpYDVAMG+wI1HBdeXANIwWXkyuAGvELax8vxxleG8OrVVKd2iGRZlpiDNoKrI36R5dNr2aylWkFFdqo7txq8bEAHbSNU1BKr8UW1QDbHO6mUdLV7+Dp9NGWNpyjaZsuBF2B7xHB06ZAhYaD8wN7SIPXrgHHuFhlUob38tpk+mGlTiFPMU9C1EMQYBDQLxI+XlaNjthTxCkael4ZuTHVaSbCDeIjyxxpvslx8q7m+CTc9S2fgx1amBVnUGVQW8LKZizESRp8wbjnizxtTXoUqgqukzpUPTIBFhqFPUKt5bTJB2jfB0ylDvCxUeJ2LADSHVhEMFPIwZETEEQcK+1OXo6GdKDoxQU5p+FdzDaQvxDUfFO04ewThrjTJ6lZpR9aF1fiITO5eq7eHLadIsEZtzqYfCANIMKYv6Y0PaTtQc5TpUFosKZrA1WXxLWVAW0KYBGoA/FA53E4xHBMw1R6yUqZ+JiWRQfDIVSZmNht/k4d8aotTp0KKvUasxO/hcuxUDRrGpo1OOmkAbmB069VI59qrZWZ8m+Y4iNLB3cojrdQrqwPhF9XegNN5HQ7mymcpMjorlM3oIam4CSdRkKTu3gDFYnxRFjCvivH8xw8tQp5elQrCBUqBJfWyIzRq+GNVj9POjwuuhUtV1GoSDqgGZRTdjcGS3LHQwScWvgIzVp/E2PYfOR933TqVY6odQiFhLML6+e0aT0xq+K0aurSAV2III0kcjIsRbYdMeV8DRkNQUw7rpdVEhCoKGSlRtRW+4iDc8ox6RwrtFTzNNUE06tO1SnV8LKfQfEvORyIsMM1GTTaMoznBNJky+Ro5dCztLOSZglmM8yJ0i/PzPXADxk0SGVCaxAjLd3UJRbkM1RUjWQD4CwtyJtij2v42ctWWjR1d5pEVGYBQWbzG4gTJ0gHnAxn+MZ2pTekKNTXSpo41o4cvUrD71iFJYE/CJFgLHpLba22KOK/y3HrceVfjFMVSS2nX40mSqgVPFaY1ALMTGMxxfjOaQyTTKTbWIaDFpJjT5Kdpm0nFbMZPvEU1Qii3hAqMwBETBZVJ/1MY+mOa/2VCSimx8EkkraDzux6wsW5jAo2UpIe8J4tWRR3DDTUN6RIq02nrqGk9Jj3xn+2XEMvWoqadDuaveDWEYmmw0vcAyVMxaSL4VZrNwoFMup8WohyAQdhHlcec4VZpzABOx6+WMssVyZQ6dRmpRKpwTAmOC4WHAROLFIW9/0GK2L2Sp6hvF/wDGIZeG7PtfMF9AaPD4ZAAOm0CBAMeK+51XO2JSzLKjorOurSCqmFaJPig3ItE+eLyZVPmYxGwj3EmdN/I88XEoZdLxqIJsSGDTtaNwPxM+lTZY35K3Dc26kaQVsNrE9CT8xM743fC+JVahoqzSEmNUkw29+d5Nz1xmMpmaOrTAK8iY1A2i8SB5EnYYtHtLoDANq8WlTBIE2tJMwQDtF49Vc+FzWyHunzQx1rdo9CXPkuIYDTFgRbnBAv7+eBcX4mS2jvIDADTHTe8RuTjz1eNF6qgOQzlUkE/ExUGApAgXJnyFpxM92ioMw1GvqTw2VdJjcle8gnffacIL8Pqa+Ay/xHGt0t+335LvGu0lSjXWhRpIzwkl9RlqgVlAAYADxAX3PTEr8Z4i40Nl8swnYOsyLbCrJN9sZbj2fo1VUoHNRSRqYKo0fKsBjJUyAbWtcARo8hmmH2Rn/wDcqaC5Igt94yoT1JXSZ+ax5yXHgjGKair95zpdTkyzk3J18RTwLNVnJbL5WjIIk6nW51QPHVEmNVsXuLcULImYqLSNSmqhRTqMVWpUqVGVtVOpIISmTZpllOEvCcyaWXZxutemR/8AbzEYHWoMaeXoICXbVUIkWNSAoPIDQivJ5OeWN3Bar8Cut6asZ5l6laotPMUk15hA6VC9ZnLOhFElnqNMkKpmbegxWy2e7rL69COe8RfFrgRTv8LC9sF7R1qraKwpd33b2YVqdXTOk01GgDSi6TEzub4446gFFyohXrLUUdBVplwP9M6f9OJjLjfnwyL5Q4pZ7N0qYrLQy0MmqNTFirLrNjUn4ZJAvE4c9l+KUjlUYCDrdADDMpABKKzEFkh5AO0kXiTjOLJmadBAMzVqUDTp6k1PpQuiuqlSY0wbHYweYIDGh2jyqUxSVaq0xsmimwgzq1Et94TzaBsIAEAb4cmmSk3aM5q0bOjU0wyxqRtakqLG4Nr7g3Gx88UOJ0aJbWcvTFSZ1I7wCLDwBtII8+m2FfEOK9zU0hjonT0VdInzCneY9OWK+R4ygksTrDSUJ2J20kC4naevoMdWOXHKn5FnCSZ9z9FlOkqQehBn974TVT0/x1w2HFlA3OuIJHhYSZbY8rbR7bCpWr0ngrpIknzM6iBO53H09cXlmTRZRYjrHFOvt74b5qihMgmL8xvaNxIG9j09cLc2kAX5+WE8m6bNUVHEWwTAmwXChcDgoaFHqfyGBYIfhHqfyGAlBKlWwjeLnnN/0wIuccYmAG7DVGuQptNpPIbeWOC3S2OQcdBzcdcADvhtLL91RdqrpX+1KrHWoC0oU6wpSQwYnxaiLbY0eYzNAVc4EzRdKeXV6DEZdTUqlaRdTNMhoLVPCt/DE88YDVjW1eMk5gHM1aj5XMKGZNbOoFQS0Cf+nUBA5ju8Z5EnykwXxOuEcWVqVZ69YqyU3NMItFS1Q92KYuhtdiYgwpvj7nxlhlUzNPMt9qJRiDU1kuC5eUK6k06aZDliG1bdFeW7RVmrBq1aoaTse8TUxXQ8hwFmI0kwOVsMKHEKtVq/d1H7oxRpUy7BPvj3dMaZj/2w59ROKJaP8UWcr4GPFaWTqZt6C5s1MqE10pqU6Oqop0FXqCjpS3eMpKwRpEjXOFVXiAHD6bCuTXNRqTpNLw0hTCpbR3lxK6tUQI547pZitWeuKOZq06VFCKQV3AbuxFNQAfiZEZrcwcL805qrl6zEs2o03LXLFCGUk85R1UT/ANs4lOPFf8K/MPw1KdLJ1MwmaCZnWFFEwdVIFNRgqRq1lSASDFNjB3Gj4nXyoqZZcvnyyVmXvTUFIrQpi9x3QHeQ7bDdSLyMJmztepmswhzlWmFaoVAqxMPAUa6iqLEnfZTjku7V0y712zFOoPGHZXNP4gWBDOqsgGuVbaxtIxDcW7aVhQzp1sutXO1BnCxRR9mOpVWspRiFcaL6VWmugBQWGk6ZlbNTO5U1MnqzIWnVps1dkXL/AHbIrQFTQSkwtmJkmxGMlQzD0ssKlIlXaqytUWzKFVCihhdA01DaNWnouL5zlQU6bvxHMeMT4dbAERqWe8HiWRIIG4OxBN5Sj49wJe8Jxehlm+2uMwXdK4FIl0++RmIYwqgsYhpELAM30g5h2Fota9+uLXGs4KterUQkq7kgsIJnmbm59cUJxqpXFbV+xFBZF/Ibe4xwG/HfHE4k4GwCiqZnEqVJGA47Gx/fPBqYUcHBcCwXEACx23wj1P5LjjHbfCPU/kuADjEOJglFZIEgeZwADxMPhwvL2+/G5+dPOP3/ALYHV4ZRmFrqLtcsp2iNiI3P0wAJsOaGVfMZdBTUu9FypAF9FTxJ7BhVn+8YGvDKcicwkagDdRY7keLFpeFZeCe/G4+dBYxfESXgLLGY4cWoLlkSa9HTUZQPEe+nvB56V+zCOR1+eD8NyVSkq0wjd6qVKxQDxamijQt1Uk1PQ4TjhlMgH7Ql/S2/9WOqGQokeKrBDR8aX8USByEXvjN421V/QLLuSV8oAHrLRdiKmhqC1GXQXVGllOhviIjkQeeCZPhFRErKyzSGiqlUWVu7axk8jTeoYN5AG9sL6nD6IaBWBEG+tNxEfmcdtw2h4fvhBaGOtDAgwY33jA8bffn3ff7hYwzPCtNbNVcxRqd3LlWFrtVQArNmOlmOk2PluAZDJ16QqCjSTMU6oA1rqMqJtKMrpM+JDGwkWGKua4dQVZWtqMrs6czB8zGCjhWWkD7QOUnWnPffAoOq+/1C0HGVzIR0TIBBUXS0CsbTIs7kSDsYtijmKBo5dqVQgO9VGCSCyhFqAlgPgJ1rANzBtET0OGUPB98PEWB8aWgMR6SQB74JT4VlySDmBAiPEl9p/E/hi0YNc/f1Az+Jh3leG0GUlqwBBNtaXhiB9RiVeHUAoIrCZHzIbalBMDyJPti5AkxMaBuE5b/6gbH50sREDz3/AAwp4jRRHim2pY3kH8sBJVwRNm9B+YwPBE2b0H5jACB4LgWC4ABY7b4R6n8lxxg9Mjw6ttRmOnhwAOOD5ZqcVFhgy/1DmJvHkf2MOGp1NMHTc9TzKmDa/Sd7nCzI5yiXCrTZgflCevIH8t8Ws1VWm7U3oVAxMqpQzpGmbG8ghztt9cBASk7hQmlR3YiZMnSAv8ttx+OPlfvFiqVAhWsGb5inOLch9Tijls3Tl1anUJljp0yQCTp52gR9cWRVQ37irpMW0HlY8+uACzTDnUYXkfiYb+HpuYmffAk7xE0wpCaDublNOnlbUY3/AFwoynE1UxVSwtYHUYBF5O+31OLJ4pl/5W5chaAPPaZMYALWZr1WcUu7nSySwZtN+7e4jy9pxbdqgfZLhREmLk/04U5niGWcQoZJAkgQZHmJ5QPbFqjkHpMRUo1zpQ1TqX/pqSNRJMEAlfe2ACy9apSNlUlyYlzzudxvY+2OaYd9NQBR3irA1Hlqb+W55YHnMrrAilWp6aZrEgAHu7Q+5hfh6bjywTK5NtNJPslYl1ApnQPGdAqyL38DI/o2AA4pVCxskhdHxE/CSQZjz2xXrZ90dSUWBpE6juQp2joQPfA62RasaXd0q695rCBRBc051wJ+WGBnocB4VQqVonLVKnj0QqG7BS2mSfigOxHLTgAt0kqFiQRfzPIkiPDtJx13zimDpU7xcidevqPL8B7L6vFKEiFYRMjSOlufIzbngWZ4hl2AADjxAzHIct7jywANqCOAzGnTUktrM7kkNcgXt+Z9+qAqAqtpWb6jfYHl/TPqcKcrxOgoAYOxECYF4G9z64lHieXDEkOSdXoJIIgaoEYADoalWKllDKoK3vpJKmY3IJw0fvDqJCbTEmR8X9O5g/TCajncu1VAtNiCNISAJYkaTvHl74s1chXLtooEIY+ZNQOkDk8CWIP+rABT4stSuV8KjQXX4pnTvaLbYRps3t+YxpHrJQJWvTeWIdZg+EiOTHmD64SZ2ojO7UxCGIERG3IYCUUsFwLBcAAsEBEQZ3O3t/jHEfucfMAFnLVxTYMpaR7fiDIxZzvEzVq969z0IteZsCI9o5YW4mAC+OIQZCqDa4U8v9WOl4qw2Vfow/JsLsTAB9YzfHzExMADnhT5IaDmErMZOsIV0kXjTcENtuSPLD7M9qcs1Vj/APMmm9HuWH3YOkuzPzIM+CTYkgtI2xiMTABrn4/Q1FlbMDUndMClE6qV/ASCC0AUhqJLfd7iRBU7WIET7zMipQ1rlz4CtNCpWmIJgkKQCYuJETDDGYmADbZbtLlqbU2D5090ahS9FWU1T4oYLPil5nrbHzI8dyNBtdD7YjTqmaJ8YVkUxtADVJAFxUYeGARisTABoK9fh5y8CnX+06BLEroLyJPxExvyvb4cZ/ExMAFmnmQP+mp9b/njoZwf9tP/ABxUxMAF4Z0AqyqFZWDAhRYgyN/PFk8drc6rf+KcjNul+mFGJgAu5zNmqQ1RmYgRMDaSeXmTivqUAxN+sYFiYCbJguBYLgIB4mJiYAJiYmJgAmJiYmACYmJiYAJiYmJgAmJiYmACYmJiYAJiYmJgAmJiYmACYmJiYAJiYmJgAmC4mJiAP//Z', N'Star Wars: episodio VII - el despertar de la fuerza
', CAST(N'2015-12-17' AS Date), 4.1)
INSERT [dbo].[Peliculas] ([IDPelicula], [Imagen], [Titulo], [FechaCreacion], [Calificacion]) VALUES (10, N'https://m.media-amazon.com/images/M/MV5BMjQ1MzcxNjg4N15BMl5BanBnXkFtZTgwNzgwMjY4MzI@._V1_FMjpg_UX1000_.jpg', N'Star Wars: episodio VIII  - Los últimos Jedi
', CAST(N'2017-12-14' AS Date), 3.1)
INSERT [dbo].[Peliculas] ([IDPelicula], [Imagen], [Titulo], [FechaCreacion], [Calificacion]) VALUES (13, N'https://m.media-amazon.com/images/M/MV5BMDljNTQ5ODItZmQwMy00M2ExLTljOTQtZTVjNGE2NTg0NGIxXkEyXkFqcGdeQXVyODkzNTgxMDg@._V1_.jpg', N'Star Wars: episodio IX - El ascenso de Skywalker', CAST(N'2019-12-19' AS Date), 3.5)
SET IDENTITY_INSERT [dbo].[Peliculas] OFF
GO
SET IDENTITY_INSERT [dbo].[Personajes] ON 

INSERT [dbo].[Personajes] ([IDPersonaje], [Imagen], [Nombre], [Edad], [Peso], [Historia]) VALUES (2, N'https://static.wikia.nocookie.net/legendsofthemultiuniverse/images/8/81/Qui_gon.jpg/revision/latest/scale-to-width-down/396?cb=20140711160545', N'Qui-Gon Jinn', 44, 88.5, N' fue un venerado, aunque disidente y poco convencional, Maestro Jedi humano. Fue Padawan del Conde Dooku, y mentor de Obi-Wan Kenobi y brevemente de Anakin Skywalker.')
INSERT [dbo].[Personajes] ([IDPersonaje], [Imagen], [Nombre], [Edad], [Peso], [Historia]) VALUES (5, N'https://d26oc3sg82pgk3.cloudfront.net/files/media/edit/image/31243/square_thumb%402x.jpg', N'Obi-Wan Kenobi', 38, 80, N'fue un legendario Maestro Jedi humano que sirvió en el Alto Consejo Jedi durante los últimos años de la Era de la República')
INSERT [dbo].[Personajes] ([IDPersonaje], [Imagen], [Nombre], [Edad], [Peso], [Historia]) VALUES (6, N'https://pyxis.nymag.com/v1/imgs/31e/01b/1c14d9c1511dde2de1b631aaaf421eb147-28-hayden-christensen-anakin.rsquare.w330.jpg', N'Anakin Skywalker', 22, 84, N'un hombre humano sensible a la Fuerza, fue un Caballero Jedi de la República Galáctica y el Elegido de la Fuerza.')
INSERT [dbo].[Personajes] ([IDPersonaje], [Imagen], [Nombre], [Edad], [Peso], [Historia]) VALUES (7, N'https://www.sideshow.com/storage/product-images/100407/yoda_star-wars_square.jpg', N'Yoda', 900, 13, N'fue un miembro masculino de una especie misteriosa. Era un reverenciado Maestro Jedi que sirvió como Gran Maestro de la Orden Jedi en los últimos días de la República Galáctica')
INSERT [dbo].[Personajes] ([IDPersonaje], [Imagen], [Nombre], [Edad], [Peso], [Historia]) VALUES (8, N'https://www.sideshow.com/storage/product-images/912056/mace-windu_star-wars_square.jpg', N'Mace Windu', 28, 83, N'fue un Maestro Jedi humano y miembro del Alto Consejo Jedi durante los últimos días de la República Galáctica. ')
INSERT [dbo].[Personajes] ([IDPersonaje], [Imagen], [Nombre], [Edad], [Peso], [Historia]) VALUES (9, N'https://render.fineartamerica.com/images/images-profile-flow/400/images/artworkimages/mediumlarge/1/queen-amidala-portrait-da-leonardo-digenio.jpg', N'Padme Amidala', 32, 81, N'fue una líder valiente y esperanzada que fue reina y luego senadora del planeta Naboo')
INSERT [dbo].[Personajes] ([IDPersonaje], [Imagen], [Nombre], [Edad], [Peso], [Historia]) VALUES (10, N'https://i.pinimg.com/originals/80/01/8a/80018ad1c4f472599a9ba987b4afad35.jpg', N'Conde Dooku', 80, 86, N'fue un Lord Sith que lideró la Confederación de Sistemas Independientes como Jefe de Estado durante las Guerras Clon')
INSERT [dbo].[Personajes] ([IDPersonaje], [Imagen], [Nombre], [Edad], [Peso], [Historia]) VALUES (13, N'https://www.sideshow.com/storage/product-images/400313/darth-maul_star-wars_square.jpg', N'Darth Maul', 22, 80, N'fue un zabrak dathomiriano y Lord Sith que vivió durante los últimos años de la República Galáctica.')
INSERT [dbo].[Personajes] ([IDPersonaje], [Imagen], [Nombre], [Edad], [Peso], [Historia]) VALUES (14, N'https://www.sideshow.com/storage/product-images/903741/jango-fett_star-wars_square.jpg', N'Jango Fett', 32, 79, N'fue un cazarrecompensas humano mandaloriano, asesino, mercenario, y el "padre" de Boba Fett, un clon suyo, al que tomó como hijo.')
INSERT [dbo].[Personajes] ([IDPersonaje], [Imagen], [Nombre], [Edad], [Peso], [Historia]) VALUES (17, N'https://pbs.twimg.com/profile_images/1218947807186423809/m-PWcEHf_400x400.jpg', N'Emperador Palpatine', 65, 75, N'Nació en el planeta Naboo de los Territorios del Borde Medio como Sheev Palpatine, aproximadamente ochenta y cuatro años antes de la Batalla de Yavin. La noble familia Palpatine pertenecía a la clase acomodada de la sociedad de Naboo, aunque en la época de la Era Imperial, no tenía una familia que el público conociera.')
INSERT [dbo].[Personajes] ([IDPersonaje], [Imagen], [Nombre], [Edad], [Peso], [Historia]) VALUES (18, N'data:image/jpeg;base64,/9j/4AAQSkZJRgABAQAAAQABAAD/2wCEAAoHCBUVFRgSFRUYGBgYGBwaHRocGhgYGhgaHBoZGRoaGhgcIS4lHB4rIRoYJjgmKy8xNTU1GiQ7QDs0Py40NTEBDAwMEA8QHhISHjQrJCw0NDQ0MTQ0NDQ0NDQ0NDQ0NDQ0NDQ0NDQ0NDQ0NDQ0NDQ0NDQ0NDQ0NDQ0NDQ0NDQ0NP/AABEIAOEA4QMBIgACEQEDEQH/xAAcAAABBQEBAQAAAAAAAAAAAAAAAQIDBQYEBwj/xABJEAACAQIEAwUEBgcFBQkBAAABAhEAAwQSITEFQVEGImFxgRMyQpFSYnKhscEHFJKy0eHwI4Ki0vEWM1NzwiQ0NWNkk6OztBX/xAAaAQADAQEBAQAAAAAAAAAAAAABAgMABAUG/8QAKREAAgICAgEDAwQDAAAAAAAAAAECESExAxJBBCJREzJhFHGBkSOx8P/aAAwDAQACEQMRAD8A9OxGJVPeOp2HM/11qofi1wkhQFjwkjzJrlZpOYmTuSf6k/dVbjO0VhGUO47zhSwghJ0zGNNADtrpXNGCR1Gg/WHaDnI01iB94p9xwi57j5V+k508hO/oKx3G+3diwWt4ZPauNDcecin6q/FHp5msb/8A08Vjrwkvef6CAtlE8lXRR46CnUX+wraN5xXtSgf2dtxlI0ce82xMTy1q17Jce9vNtmkiYJ305H+uVZ6z+jINhzce5cGKZSyqWX2aPJKI0AkiIViGPMjlVD2bxRsYpQ7C2xIzq5jI0wwPLf8AA0Pa00gWz2anio0IIBGoOumo+dSVFjBRRRQMLRRRRMFFFFazBRRRWswUtJNFazC0UlLWsAtFJRWAFNNKaQ1kESkoopgi0tJS0GYKKKKBj514j2mxNx2zOQkwEUZV1MCeZ9TXXwzhNzE5+65VANEVXbOxyquQuCNTqeQ1jrtOIfowtqE9iz3GLZXa66jKke+uVNCIgACdRyk1vOHcJsWABatokLklVAJG/eI3M661aXLFL2iq/JjuGfoxsBvaYm490kzkHcXee+wOZj1IKjwrc4HA2rCi3ZtpbQfCqhR56bnxqekY1BylLYUhZrDfpC7PZ0OItKoYEu8AAsxCjOSNzCqPTxrbih0DKVOxEGspdXYWjKfo94m13DKrmSpZR9lY/jWsrJYHBfqrm2mgDMwH2mYx5QYrUi4GTMvNSR8qaSzaMtHK3FEzZQCdYnSD/Ku5HkTWYJj0rlxnaVrEEKDrEGQD68vOmcMYC0bOisdwvtkpcpeIAY6ECMkxAP59K0dji1p2yhtZgSIB8j6UrhJCnbRRXPhbuYuQZAfL4DKq7es0oTporgx3Fbdr3m16UzAcXS7toaPV1ZqZZUUgNRWb4bNE91ip8SACY8NY9DQATUUUUAhRRRWMIaQ0ppDTIw2iiisEUU6minVmAKKKKUw2aJpKSskMLNFJRTAFFOptOFKzFVxexqHA8/KqvAccC32wriFMBT9ZhpJ2yse6PEeNahlB0NZPjfCf7RWXdSP7yZgSPEiJHr1qkWnGjBfeFmsL2kxPeGu893oOs9TWvxjzpNeb8axWe65B0BgRGy6Dbfzq0ULJ0gwbS4YnRTPPf+tav8Bxgo2ZmI6xueXTxOvl0msxbeBXVgUzuifSZV+ZC/nTiJnp97jlzIEXQke8d9eQ8uu9dvCsWEtMgBzBS5PITlUD7R38hWZv3+8pMDM+g8WMAazG+/Sav7aBLfu5Q7Zj5LOp8N/lUWkWoqMYjPLHqR8jH5U7ghKOB1MfifyNdlu33BO8D5xrS4ax31j6Wb5Kw/6qz0FMh7WcbxWGxGHS0yZLygBWQMM4YBtRBiHTn1rrw/aVMOs3VbIzsWuLBCFjIzLvBkgETy6iZO0+AS77O4Yz2VZlkmIKgsYGk90cuXKqnhypeyqYZHIU/ErKxA32iDvQVNZQHHBt8Fjrd5BctOrqeamfn0Pga6a8A4Rxq7hbmewxAJ1U6h1B2YeVe19n+Mpi7K3UgHQMszkaASpPrSyhWVoT8MtKSiiphCmmnU00yCJRS0VjAKdSCloMwUUlFAwyiiiiMFLSUVjC0optLNKwC1FirOYBuakfKakms9c7TIMS2GkQLbwfpXFGYgHoAGHmD0ox2aMZO68Z/goMdcCozbBVJ+Q3rzFjJ869G4w0Ye59g/eR/GvPsDZz3ET6TAeA5yfDSuuOic9jGNWXZ9h+s2gY1cRP0/gHq2UetcOKWHIgiDEHcciPmDUKtBEb/wBbUzE0ze8Vtk+yKnKAZnoQrAA+MxXXx3tE9u9csOECW+4phgW7oBlhmE6zsASCNIoTErctrccSHUPpsGI/tAPAOGHpS4TD4fG3blxBNxHb2ltiAQQxBaB7ylgYMnSNjUrLpXks8FihcRbgBAfWGEEaxEVy3+0Ni0xDMxKZg4VWOU93QnQT3W513YiAuUfKqDjXAlxDi6IS5pLEEq8bTBEN9bpS2vIyi3o0I4pbv+wu2ySjmDmBUhUbvtr9E5TImqWxiAiXbygDIly4BtDZWZAROnfK/Oni21q2iKwJWy1thG4uMHuMpGgMgLtttyrm4liBZs3LcB7uQM6HQLbVldlJ5PkBbwAGmumVaRmqVs82Z69F/RLjCHu2z7pVT4Bs0fyrEcWSwwW5Yb3jDWzoyGCdumm40ra9gcObdg3CDNxtOhRYA5/SJqrVqiN2z1WaJqHDXMyg+h8xUGN4nZtTndQRymT6jl61yU7oY7ZpprF47tyoMW09SZPnANXGD4jeKqz5MzRCAEb7AtOh25aVTpJbMmXlFUmC7S2HOViUbYhuRG4mrpGBEgyOooNNbCOFFJS0jMFFJRWMNoooojBRRRQZgpaKKACp7Q8T/V7RYEZ37qTyMElj4KAT6Ac6897PYXO1zEkzlOReZWQCWM82mATvDVZdpLl3GX/ZWFLwMo5Kqz3mZvhBI58lEb1x3sXYwNtrNrLfuXO7deTlIHwWwNgD8Z59dhWMcnT2XFxNX7n/AKH8buj2NwKROTaY0kaefhWL4A3/AGmyOrqv7XdH41orl3PhrpyMjHKVMiHWZICxO432Ow51mOCPGJsH/wA1P3xXRHRxy2qOnjaZXadyT8vnVcp/CrTtMD7YkrE6+YOqnw0I0qoU7+VMTls2/Zxs9iyk6Zntn1uZz91wVU9gsYxxz3l+K3cZukM6b+rD5CpeC3zbwbXF94G8V8GNu2oIHPUVN+iy0qvibjLKhEt+Wd833C2T6VJ+WVT0ja4jVlrN/pB4i5fD4G0xU3ApfKYJztkAJ6CCemuu1dWJ4i4dF3JgbRELP5N8qz3EszcUJbvG3ZU6fXtLA8h7b7qVKnZSWqNDjOIrh7DXyAcmVbanZrjA+zEc1VVLEdFjnWY4Jis9185LB84YtqWzowcnzk1B20x4Zxhl2sSGIOhutHtNt8sKk/UPWoeGN7NGuHTQx/X3etPGNKxG7ZQ2DEFvWN45xWsw3bC4AFCJkAhQZlVjLv5fnWRLUK9UI3Wj0a926um2LSBULGSRObyk7Cs9iuKFoVSYG/ievluIrOq8eZrosGhSWguTNX2Zw3tbwnZO8fyHz/CvSbTgEFjABBJ6Aak+lZHsbhMi5iNT/QFdvariGS37MHvPI8k+L5+76npU5MrCN4M/iMXndniMzFvESSfzqw4Xx+7YIyNmXmhJiOYHT0rPC5Se1ikTZ1Pji9nsPA+OW8SsoYce8hOo8fEVa14hgTeLh8Ojl1PvIrGPOBoPOvRuG9rERAuNZLN0DVcwfMBGoCTB19067wIpJQvK/o5px6OmailrLf7fYD/iP/7dz/LRS9JfAto01FFFCxwpaSilbMLUGKViuRdC+k/QX4m9OXiRRexCpudeSjVm8hzqh4x2hCqUtnvH3mGoX6qnmfHzjwaCbdgpt0jP9sOJPaJwthGFsQGK95rjRrnYawNBHOI20rJrbW1/aXyGedEkECNs0aNH0RoI1nUVNxrjWQlF7z/cvn4+FZm5cZzmYkk8/wCHQV0J0ii4828l/Yx5vG8p29g5AiSSGtnblABPhE8qzdt2Vg66FSGB6EGR+FWfAsSEvo7e6SUO0Q6lCTPLvT6Vpb/B0Q9xN1kAxPPmdJideWWZ5l4vBPmj7is7WOHyXgModFYDxYSRHh18azKnWrPG8QzWktMDmt5gD9IM+fXwEARVWp1pyDeS24fiXbDvYVZKvm5zBIJjrOWP9a1fY8qMNfIHedwp01/3bKp5bF2+VZLgLAX8jbOMvruK0mK4c6FijFCwGYj3XCmVkdQdiNRPjUpLNF4PB1YewWvK/egZnggDT+06E7e0UH7J2mue9ikTGYnEsy50t2siEal1tIEBHMB8rHwU0ltr5IZcgYTJMwZUrrpJ0J9fWojwdFLXb7l2JzH4QTvrH+nhQSd2x27VJGfw+DDHOZKrq1xjufwJ5zXBxXH5zlTRF2HXxrt43xLOciAKi8hoPl0qjJqizlkZtLCENNWlOtSBIHn/AKUxIRBrWi7P8OLsHI0nTz61XcL4eXbbug6ny5TXoHCMGEA0gClkykIeWXmCRUToAJP51kccv6xea4S7A6KqqshRsJLeZ23Na5jIyx51y4jidq33XuKI+Gcx/ZWSKna8lop+CitcAedLRKyPfchoO57uWPv9a0lnhWHTVbaacyMx+bTVS/aewNs7eSgfvEVx47taMhFlGDn4ny93xABMnz089qDdj9ZeTr7UcfFoextnvxrHwA7abZiPl8qwTXWJkDUmSTuSdySdSakdySSSSSZJOpJ5knmahmipUH9P2eWOzv4/OijPRW+ox/0sfk+iaWkpa5mc4Vn+KdrMPZbIHzvDbaopVS0M456RAnXpXN264j7OzkGaX+joIG+bwjlXkxNy8+RSAskEkgKBz1mDpyFV4+JNWxJMueNdsLly4CnwsrH6xUyAei+Fc3FONSMts6n4vojoJ3bx/oU9/LMJ7q91TsWUE99urNv8hsBUDGnk1dI6uLiqNvyNooNFCyqjQtaHhfGA6LYukAxlV22Iysqq5O3vDvERA18c6aYTTRdE+SKZ1cVtuLjZwQ0yZ8da4gK0fZvFWHJw2LJyMFC3OdppgAzuhkAg6LEiNa6uN9h8RYlki4mpDLoY03U6g79RpvVFJHFKDTM8qHKLq7oRP5H516TwbiCX7KtoYEHnBA1BrH4LCZbLqdGYZSNoMxrPmNPDqaoMNirlpsyOyHSYJ1j6S7NEnQ1pRsMZdT066Qo0HyFYvjnEy5yIdJjecxHMkaadBNV2KxWJupmd2ZG095VXQ6yqgCfTnTbCZmy9FMeGlKo5SKKXtcv6K288mBtUdIq10Wkn+vlVDn2Nt29jVvwvgly6puBe4Pi6novUzvWi7N9jC+W5iJVQZFuCGbX4/o+msdOdj2z4wuGtrZtQHYQsbIg0zR9w/lFLKXwVhx28nPw/ABYUACOVXN24LSM52RSxjc5RMDxP8KxHZPihR/ZuSQ5lSTPfO4k/S/HzrY8RxaJbdmy5YUENswZ0UiOehM9BJ5VOyso06KrieKfE4f2lpmXLqyKYzIZHLXSCIn4T1FZO01Xdq62EugqS1p9V8pGZT9YaA+h50douHKkX0EI8EjoTqD6/1vRkjcbzkqs1Ru1IDTHNIdLY1mpk0jmmK1YKfgnmio5ooDn0fNV3GOKph7bXGM5fhBEkmYAHUkH5E8jVH2l4u2dLSFVBfKXaAAwgkzOoAPgZjyOQ4rjbN1imd8qgC0o1zxCjMPEkkHSJihHivLPOcvg4MfxB8SXa45CqMw5gTAYTyHielVeLQBB3cocDKp3yDTO/1m2A5CTuRFpg7dsgs5/s0JIGkOw+JjzURoOZE9Ko8bijcdrh+I6eC/CPlV5Olgfh4+086IHamUUhNQPR3kKSaQmgmmROTFJprGgmmE0URk7JLT5WB6fhzrf9le02gwN4zOlpz/8AWfT3f2foz51NTF8ycwybEaGJkGR01+6nSvBzcjrJ6jf4aj5iwkmfkdx5fxNYHtJhEs3sgJJME8tTr6mDvW67OcQbEYdLre8JRz9ddJ8Mwho+tHKsJ2sObEv5D8SPyFZN2LKutnR2aw6XBcDKCyspmNQGBiCNRqh260/E4IWbpMHKV0J5yNduh09K6OwlgZrs691PuLfxNa68ACB0MjaNv9a3anY0fdGjz/h3Zm9efuqVUk95tAPIbn0r0HgnZ6zhoeA9z6ZGx+oPh33rj4h2is4b3370aIvec+nLzJArI8b7aX37lv8AsgehDOB4tsp20AkGda3ukL7Ym/4/x+zhl77y5HdRdXb/ACr4mvKOK8RfEXWuvAJgBRsqjZR/W5NV7XCxLEkk6kkySepJ3NOWlaOjjXkntmusuzGWYserEk/M1yJXSlAtRfcEx40sOAVPu5gCNOUHmOR9K1l7DLdstb0Eqf4g+hrza4xABG4II8K2XZ/iudQfiGjefXyP8aPiyEqUqMowIkHQgwfAjQ0xzVl2kRUxD5fdaG+yzAEj56+tVTGg0UjJSRG5qMGnOaZWGZJmpajmisG2a7jXFbjt7MtoMx5AkHeenr/KqpAzxbtLmZ2VYO9xiQAg+is8t+fLTp4Tw98VdSyugZhOqg5ARmYBjLQJMCvXOG8Bw+HVMltMySRcZVLgkEM2ciV0nbqaflmoOjzoJtWYLtxh7WFtphUANy733bTuWlPdRemZo155G8hgGarntHxT9ZxFzEa5XaEnlbXuoPCQM0dWNUxqSb8nowh0gn5Y4NTS1CW3YFlRio0JAOUHoW2HrUZNHqM+RLA7NSTTZommSJSkLNMJpC1IWo0TckOqXCWHZwiIzk8lBJI6wOXOfCuYuK7+HcXuWxkR8gPPKhI8mZSV8xTo550zsuYi9gi9q3ejOFaEOZeZUyRBMHdZBka6Vw2biuly9ddmcsioJ1MmXY6bAAADT3vDV+NsZ5uNfzuzCc+rGdyTJMDxrgvLHdBkA7xE+lGibNf2N4jaQ3bbsFd/Z5MxAUgZ8wk8zmTT+FS9rePtaPsrbQ5WSd4B0EeJE+Q9KxCKZmDHM9NN/Dr6VKwQ94ASPhjutGxjqPkY1+sOqsZSajSOcEjvmS7ajXWfpE9f9aic/wA/5eFPcGTO5qBjTCI6FNSJUKGplqMju48o6EroQ1zpUymgWHudPWp8HimtNnSJiIOx865XO1DHSsictslS8Xbvmc7CWPidTXTxfhr4dgGOZWEq8QD1BHIiqwNXoqWVxOGTP8SKZ+i0b/P86ozmjado87Y0gNSY/CtauNbYQR8iORHga51akaOiM7RNRTJorD2e7dkeDWsPaDJ3ncDO5EE88qj4UHT1MmpuPut6y+HS7kLrkLqueFPvgDMNSsiZ0mqHs7xMrZuYe579sshB5kafKNfKnK4HvT5bD8df60qk/Sy+o3J5TPPXKlSRUDsPh20F28SPohIHzWB6ms5xjgH6mZce1JJy6xbVQTHtMpzM5EHKCo+s2or0lbzaKo8ug/IV5rj+NfrLkCxmCEmXJAQae+slSSRzEjXUamkUVZ0y5pVspL153YEzI0CgKoUayECQqLAkwOvnUbODM/dt6ZtYqV7JAyqDB1MAmQdfML/DXlHK6HYeZPKKqczGM68ifkB+ZppcdD8/5V02kTJmY69PI+FczleQrAtkZYdKaYpHFNE1hRTTS1LFAQkgATJAA6k6AVjD0Y7EwOvT0511YjTnmBG8Zd/qzVta7I3vZtcdkSFLBNWYwJgwIB08ao0c5SNwPEyPDyrBprY5bxWWXQ+n4UfrXVFk+Gv+KaZlPIT6SfHSrPhOCQWnxN0SimFEe8dPukgVjK2Q2OFNcXNmyk7CJ08ahu8AuqJgx9KDl/arqwvH8jgsgySJUHWPAnn8q0N7t0gWEsNI2zFQI8lnly0oOyi6mFCFSVIgg1OtdnHOMfrDhjaVCBEgkyJJE6eJrkSpyOnhaqkTLUwNQrUopS4rGmXDpTmqO6dKKJT0xAa3vY2+Xw2QAsUciBvr3h6d77q8/BrXdgMTFy5bJ95QwH2TB/eX5UzIItO0PB/bpsFdZy6gk9VMdfx9a89KkEqRBBIIO4I0INeuSZJysPEjL+9FYTtvZVcSCoAz21Y+LZnWfOAB6UqY6WTPzS02iiOen9ubbWbiYy1GW9lRjyDiCrGOqj/AOtdnCLTuoe4fEjYDmB8iJo4Rb/WsHe4fcPftd1SdxGtt/QgD0NcvZnFM9trT6Osow6MND99e16iP+PG1i/x4Z5EfuTNGp2I9P59K827RA4W7dtBYS6Wuq30sxJKT0UnLHSDzr0eyGCgMBOgJB3jbx9KzX6Q8n6tLiXzgIeak++fLIH0293nFeOnk9BxtYPPjiUTMWHtHcbnQId+6OZ2HKuG4+poVY1Jk8hrHmZ5eFCt3sxEmZ70mTvrrrRtCKEmXVjs5fdA3dURoCTz8hUV3s5fXWFPkf4gUxOP4gGc8+ELH3CrXh/aYMctzuk/Fy9en9a0LKdVoprXB7rNkKZDE946HyYc6iv8AB7qDMV038x1HUVtiwInQjrvHnUF+yDoVjyoqQjgjAo+0iRVrwf2ZvWgRqbi+moy/fXHxHCi25QEkCIneCKhs3cjo4ElGD+ZUgj8K12I11PXsSO5ljcH16/iK8sx+F9jde2w2MDxHwn1EH1r05LocKQdNwQeRAj0NZrjOFS7jrNthKhSXHIhczAHwmhFlZxvQdh+HGXxBBGZSqD6p1LesAD15Go+29pbaqEJAdmzIICmIYvA2IOWeXeJ3k1sVAURoOXSKwPbJ7oxAZ0b2YQKu+Vwe8wzDmSPOFrJ2wSVRMhc3rpNghFfcN+I3H4/KpAqFeeZiNNIA5sPUjToDrtU/DDmRkJ2k+ABHe/wq/wC1TkUhOIYZRbR1GokMeoJ7rfhUFkyK7bOqNaO+XKR0cTA08VT1mq/CNypZLBfhlUqOxafTVFLUjtYNTLm1PNRvtRRKemNBqx7PYr2eJtvyLZT5N3fxIPpVYKfZcBgWBIB1AMH0PKnIrR6tjLxzb/DpWM7cmXtN1Qj5MT+daSzifaJbufSQHyJAJHoZHpWc7ZN/udvj8dihHn7xoJZBJusGZzUUmbwH7I/hRRo1s3nDuOlMYuLIKpcIVh8IUgajrBg8+etdvbTPgsSuLtKGt3/eWYGdRrB5EiD6GsrhU9pbRPrKANDE5QY6VvMChx3D3wza3rJKifprqhPgw0Pma+gTi4J+Kp/s/P8AB5cW7aeziwvbnDMO+Htt0Zcw9Ck6eYFZTtjx1cTcQWyTbRdCQRLNBYwdYgKPQ9a58Tw4Pb9qkgp3WQg6an3ems9089ulUh6V4fqeJ8c2mer6aUZRTWxTTSKWioIvLIw0w1IaYRTWSlEsuGcWe13T3k+jzH2f4fhWrweNS4sqZX7x4fyrBAVLZushlGKnw/rWsBRLftPbGdGG5U/dEfiabbs4ZgB7XLA+JDvz1rixWNe4FDwSs68zMb/KuahdD/TT2a7B8RSygQ3kdRouWZA31XkB1rlw/E0GLN0uIKEZp0Bkc/IffWcNMJoB6pKjd47tLatqDIckjurExzPhVN2p7QrjBbs2Vfutm1gS0QIA6SdTFZRgS0DUkwPwFegcD4OmGUNcAe6w1XkvOD4eG55xoKdKiDdujIPgrlpiDowXN1BB0Mf11puDIS6JOZWGsaSNyvrBH96vQrnDRdKggbkSRspBn00FefcWwLWLpXoZWfA7ehFFOxJRrI9AUd1mWV9+TQxUtHScreQ864nULcYDQSY+ydV+4iurGsCUuCYZQD5qAsfshCft1Djl1V+og+a/yKj0osVOnZ0oadUNltKmNReGejF3GxGqJ6kNRNRROehgpaQUtMyUUbHsvis9nId0aP7rar9+b5Unam2CiTPvkCOpWdfCEP3VU9lsRlushPvpp9pe8Puz1e9plnD5voup+YZP+qigTVWYrLRXV+rv9Bv2WorUwd0XPZpZu2F/9Sg+dxQfxrTYHGHCY4vtbvHI3QEmVb5yPWs/2bX/ALdbX/1a/ddB/KtLxXCrdBEetd/pOaKfWWmqZx8vG9xKT9IWCOHulk0S863Fjk/ezx/e7396sQDOvWtN2uvXmt2Vutm9m2RTGpBBPePM90VmF2oeuafWneN/9+C3pFUmOoNIaQmvOO1iE0lBpBRFH0AUUCgMkKKWkpaxShDTTSmisKzmurrXo3ZHjAvrleDdQQ07ug0Dj6w2NefMKdgcU1m4txDDKZHj4HwNNtHPKPWVo9ryaDL6fl9/3V572/TLiEf4XTUdGViD+Va/gXFlvoHU6Hcc0bmv8Kpv0g4HNaFwa5CDp0P5QZ9KEcOjSVoxATMjL9A5h9loB/InwSkjNbPVSG+XdI+Rk/ZpuCuwwJ+yfEH+Oo9amw65Wa23wsVPk3cb8oqpzkGGblXSa41Uq0HeYPmNDXWDUZLJ28MvbQjVG1SNUb1oh5NEYpaSlosSKJsDfyXEuHZXBP2Z7w+U16Bi7uSzcaA2VToZA3AmR4SR6V5xW7S5nwLtOrWGk/WVCD96msjcixZiYbrRU3tF8KKaiPdfBpOypDcRtdDimPyYtWvXafH+VY3sMZx9g/8AmXW+Vt2/KtdbYkChJ0xo5Mt2+T+ztgc3n5K38ax7GtT23xqs6WRvbzFv7wGUecAn1FZQ0HJvBaMFHIhpaQ02gFhSikpaIEOpaSigUih1FJNJNYYDTRQTQKxMaaY1ONMpkSky24DxVsM+YaqdGXqOo8RXqFsW8Ra0IZLi7zMg+HIg8q8eStH2U417BxbuGbTH9huTDoOtK9j9X1tFHjsG1m89lt1JHnzU/hXTfObJcn31yN4MgC/u5PWa036QuHAhMWg09xj4fAT+HrWZsLnR05gC4vpo4+RY/wByqJnLJUyDGDvB/pAN67N/iDU5dqfiFlA3RyD5OM6/etyokpZF+Ac21RO1OunSoVoRQ3LLND6DRRWYYoStr2Z7+EdOjOn7az/1msdYw7uYRSx3gD+vCrnh2KxGFDA2+4+uViFJK7ld9YPTl4U0YtvAvJKKjkT/AGTxn/B/+S3/AJqKsf8Aa2//AMNPv/zUVX6c/g5e3GN7A/8AfMP53/8A89ytfhdhRRUJ7LQPM+N/94vf8x/3jVe1LRQR1PQ00hoorCMQU6iisBDqWiisVQUhoorGYxqBRRWEGmo6KKZEZEy087UUUj2dUftPROOf+Ht/y0/eFYnhu4/5V39x6KKpHRw8mwf/AHR+1a/DEVzrS0UJFeAZe935VCtFFCOjcv3ElJRRWHiX/ZL3/Vv3RVn2g2P2vyoorq4Tj9R5Kuiiiu84z//Z', N'General Grievous ', 56, 159, N'era un frío y calculador general, estratega brillante y genio militar. También era conocido por la galaxia como uno de los más grandes y mejores cazadores de Jedi y un coleccionista de los sables láser de los Jedi a los que asesinaba, que usaba en combate contra sus enemigos.')
INSERT [dbo].[Personajes] ([IDPersonaje], [Imagen], [Nombre], [Edad], [Peso], [Historia]) VALUES (19, N'https://www.sideshow.com/storage/product-images/2172/r2-d2-deluxe_star-wars_square.jpg', N'R2D2', 0, 32, N'un robot del tipo R2, perteneció a las fuerzas de defensa en Naboo sirvió al Rey Veruna durante su término. Este droide siempre estuvo alojado en la Nave Real de Naboo, al igual que otros congéneres con la simple función de reparar cualquier parte de la nave y asistir como navegantes.')
INSERT [dbo].[Personajes] ([IDPersonaje], [Imagen], [Nombre], [Edad], [Peso], [Historia]) VALUES (20, N'data:image/jpeg;base64,/9j/4AAQSkZJRgABAQAAAQABAAD/2wCEAAoHCBYVFRgVFRUYGRgaGhgYGhkaGBoaGhgaHBgaGhgaGBoeIS4lHB4rIRgYJjgmKy8xNTU1HCQ7QDszPy40NTEBDAwMEA8QHhISHzYsJSs2NDQ0NDQ0NDQ0NDQ0NjQxNjQ2NDU0NjQ0NDQ0NDo0NDY0NDQ0NDQ0NDQ0NDQ0NDQ0NP/AABEIAOEA4QMBIgACEQEDEQH/xAAbAAABBQEBAAAAAAAAAAAAAAAFAAECBAYDB//EAEcQAAIBAgQDBgMGAggDBwUAAAECEQADBBIhMQVBUQYiYXGBkRMyoRRCUmKxwXLwByMzorLC0eGCkvEVNDVjc6PDJENTg4T/xAAZAQADAQEBAAAAAAAAAAAAAAABAgMABAX/xAAoEQACAgEDAwQDAAMAAAAAAAAAAQIRIQMSMTJBURMiYXEEgaEUkfD/2gAMAwEAAhEDEQA/AIZa6BadK6RUTuIqtTUUlFTAoBRJa6AVyFdFNBjo6AUxFKaeaWgiNcMRikQSxjQncbDc66AeJ0rlj8atpCzHrvtpuT4beZIA1IrH28RcxbsgzQ5ELpLZYMuZgKpEiNFk7nUhuhZSrBfxnaR3YpYQsesGP2JHicvrXfAdn8TiUy3MxlsxGkbmDCgAHUzPh0rX9meyCKoLARuTEAnnA5+Zk9a0/EMUmGt6AD8I5k+NIk2r4XnuRcs1yzAXOy1rDJN1gp5KurHzPKsTxFxJitLx3iDOSzGSf508KyOKaTQVNmyUXNQiurIaQt1SxaODJUlUirVu1V3D4UHlSuVBURuF4pkYGSD1Gh/38q9LwCuyByRcQgEOg1H8afdI59K8+PD4o12c4w+GfTVD8ycj4jo3jQUk2Mt0eDZZRUHWrePxVn+rZBC3FzqR8szBUr93X6zVdqLRaEtysrlajkruRUCKUoQCUsldZpqBrObpVdrdWWNcooDxZy+HSqdKsNZRUVMClFSius5KHFPNICpZawBhUhSApKKAUdKg7gAkmAAWJ6ACSfap1n+2PEfh2hbU9+4ZP8CnT3b/AAHrSs0nSsz3Gse1+5lEldIVdyZhU8xPuSeleo9ieygsoC4GdoLn9EX8orKf0acAF2/ncStkRrH9o2+vOAY1r1+86ongOVKop5fC/pzyk1hcsr4/GLaXxjQV59xviLOxM0W4tiWckms7irJ1qM9Tc/gpCG1fJnMe/WhF0ij9/h1y5mKISq7t91fMnQGgONwbJ82h6GjFGbKjOKdHFM+Bub5G12lSJ6b1wuWnTVlZRtJBA6RO1Vq+4lsL4e3NGsBhay+FxRWjOE4xl3qMoseMkab7HprVW/w2NYqm3aEV2sdoUOjTUtskPaL+Ddsgsu2WGzW3OyMfmVvyNAk6wRMb0W4Zecl0uCHQgEflOx8RpuNIIoLaxaOe6fetlwQLdtlWALosI0d7IYOWd4BA08qtpvc6YrltyimxqBNdLogxXFjTF+Ri1INUGpqAyHdqjmpiKYmgMPPjSqGbwpq1BK5NTWoxSFddHMdakK5qa6A0DCinApqeaBiQE6elYLtBifiYtz8yWyFEclTQE+Gefet4LgQM52to7+wP+9ebcLtlhqe9cuIh8Rpm9Jdfapt5fwJLwe3f0e8O+DgrciGf+sbr3tRPpRrHWi4iu+EthERBsqqvsAK6EVTb7aZzOXuszj8LLNH8irdrgdtRLLm89vaiL3EQFnZVUbliAPc1juP/ANIVm2CmHHxH/GR3AfASC30HjU1GEeR90nwWOLElxbRRIGZUA7qKTHxHjbwUd4+AlhjeN4fISRLOZzO3zEe/dXwER471ouxfEDivi5iq3Q2YrBhkaMrCZJ72YHWZPiKo9r76qzWlVndQWZLS5mAAku7EZUSJ1bU8hGtc09zlhFo7Vyea459SarWMSymUYr5HT1Gx9aM4/s1jAXzW17oVmAZWMNmy6jQnunSfegow7KxV1ZHGhVgQZ8qvGtvIrTsuWylzRwLbfjUdwn86DYb95NvwmoYjCuhysIMAggyGU7MpGjKeorpbwp6Gj/AMH8R0w7rntu+UAyCjNu9tvunSSNjzHMLvQdplipq3hOE4i5qlp2H4gpy/8x0+tev2uy2GwgDJbzONQ7w7z4SMq+grPdocYxmdttdaEtTa6oCjZnOGcIvK657bgSAcpViBzMKSfpXp/ZzABGDI4dSCOUjwMEg/zpXj2JxUGiPBu1d2ywIbMv4WJ+jbqfceBp4vNtAksUj0ni1vK586Glq6HiyYlBdQ76MDAKtGzDr9DXKa0ucHRB+0iaYCnakKUohomosK6CoNWCc4pVOaVYxXy0oqdKuogMKkKiKcGsEelNNSoAOPFtMJiW/Kqe5A/wA1Yzs9YLXsMD8rXEZfLPDfVPpWw7SNl4ddPV1H/uIBWc7JMPtOEzEBVUuSSAAFe60knaud5TJt5PeUOlZftP2xTDzbtj4l3mB8qfxnr4Cgnaftlp8OyzIp0LjR3/h/Av5t/KscnDbj5Ay/DRyT4kASZB11AMT/AKVSWpjHHknHT8nDi/G7uIYtduFvyr8o8ByFVcLhWciAVQ6Tpy31rVJw62ihQixtqAT0MzvuapcJQfCTwLj++wqG5bW0XUcmh7F4Rbb51+ZFbzZGVyynrLhD6UK4JhO5fuuTnxFu1cdjOVnuG42SD90K6AchAPkZ7PvBeBJCBgv4ijhivqFYetc8PhlFu5b7pAuYZEYOZNgtbFq6w6MoZZ1hlI5mJJ3Fpv5yZ4lZ04hbTPdtIDnJsg7GB8S2Jn8PfjWSNJ31A9oeD51dkthrouKEAIUkBUka6ZSocgToYitDwfgaK5dnzv8AaUAYmVBCo7AayWIBA8jT47ECxN5oUfHvGWIAYojgAzt3k0EydBqa03tlGUeG+wYydNPlHPgvArV2yl5QCGQNMDUgRJ8+6xHWu+HwSWL9tgNc6+mW1cP6ih/Z/jP2fCWrJ+ZVGaRsYAj6CqD8UZ79rpnX+8Cv+Y1JKpYGy07PRcRiFdSD5RXnnG8QlxnSyrXGzMmYQttGWSQztAZgAdF6b8q0WNZhbcK0MRkBG6lzkzDxEk+lC+G8PW2EGWEHxAoJ3QM4ylj93vanfUnfdtzk88/z9ipUefY3hGIAzlJBzHulWPdMGQpke1D7aGvScLiUdu5ICSJ3ksUYQehhiOelDuJ8GTNadUgMqK8QAXPdRo6tlYHxg86aP5LTcJIL0lSkmBOAcQNl9ZyNCuOo5HzU6j1HOt3FZW5wFgzwDlRiJ57nKPOAT6VoMBcLIk6woE+A0E+gFXjLcjRw6LIp6apAUxRMiKTVKKasGznmHWlU6VYxWmozUZpprrIWTmmLVAmmLVjWdA1dbFvPImIUn26VWDVZwD99R1zL7oRU5ulg14MBxLjV66jWWK5EIYwoBnOFBmde8RXDAYkAKeYGQEjQCS2o6yTXLH2yL99NRq4gDeLsgHoNAZ8KjZQ5EM6QY8Idh+/1qUktoibs3XAhYLK5Um6AJZmkE5YJA5bmOkUVxby9vyuHyICgfQtWP4PdKuP561orrnPaI/E6nwlGP+UVGTbf6Go7XmoZgRCuOQuXP8ZP70RuVQw4hrg/8yR/xIrH6k1OPDHYY4HiMl1W8YPkdDXDjiNZvG3JABz2H6KxzFPEAgQDpoNNBXGw0GjuLtLibIVtHT5GG4PL6ipzWcmRn7fau7Zyi5bDxdN0sHKlpRkgAhojMIP5RpQPivaC5iVVGVVRbj3VUTJdnZgWM94rmIGgHOOnLili4hyuPCRqD5VUsW9ddKpFJK+4rywnhnnTUk7cyaOcE4ely/aRicxYMQPu5AX35nu7aUEXE5AVQQTILfeI6D8PpWj7ALOLTwVz/dI/ehGFyX2GUqiwljFZLjKwE5gT0MR/sfWna2GRFYLracvBzAyUDIRzAzMAdJ8DtqO0PDPiLnUd5R7ga/TWsVjA4JZDBgjaQQdxHtSakZaTaXcEJRmk2WOH8LS2jZTBKBiJzScrHKT761R41eVQE0DO1krryDuxfwACb+XWubcSvKpU2ge6FBkwImCVymRtpI2q3w7gj3HOKxQ7qiAh0kAyqKOSyTqZJk771oJS90lkeT2qky3jGy2WciC5d/GDlyDwJX4Y9KoYJMqKOgA+lFeLWWd1QnYZ38wDcaPVlFUoiuuCpUJHOR6eozSmmKDmok0xamLVqHQ80q5zSrBK61FmpA1EmuujlHNRNImlWo1iiud0ucqo2V2ZUV/wFu7n8wCT6VOKlbeGB6Mp9iKSXSzGK4rhcuKe2pPdDgN95wiF+/HzM2WSeZM1xwjdwEju99Qs7EFGP+KjHaG0F4hrsx6wO9ayHU7ak0EwGtuP/MY/81scvNK55ZiBchTDXAGUxG38/rWlZpVD0uIfdwp9wx96ylhTCn+en71p8KC6eY+u4+oFRY5auGqYH9YfzIpjxVmBPsw9qss8ieon0OtVrhhkbxKnyYaf3gnvSRGkWUopgrkcqFpV7CmhIyKfaa0SAY028vI9d/esoyxXo9zhLXlg/L6zWR4xwsox3I0iRE+lLCVYZmrBNlS7BVBJ6DkPEnQeZopa4XiUH2iyQTaKschkpOzH8Q0IME+OlULKgGPEE+PnXqH9H4m056MB9P596vHMkkTniNh/gXE1xNhLy6Zh3h+Fhoy+h+kVU4nwMMxe3AJ3XYE9R0NSwfDBh7jNa0tXCC6ckfbOo6HYjloeVFL94KJNdEoxlGpHOrTtGftcKCd64QAPGSai+IF24iDRAZjwGpNVeJY0ufCunDUhLj+GRfM/yK5o05VHjuWd1bBxxGe7eb8KD3uMY/uoPeqTnWoXOMfCR3KK4uXSq6lJS2qpoRzB2PiaKcTwGQZlnKYid9RNUTKQaWAbFRJp1NMTVKHsgxpiadqhWodMU0qalWoNleaY04pA11HLZGnmnmomsaxE1yvvCk9AT7a/tXRhUGFK1ZrMpw1b3EcbJUEM4e4NQqWwdRMzAXTxPnVdAEuMh3RwCfxEPlOnvW57E4JbF8qNnZvMBl0X0g1kON2gmNxSsNYZh4N3HB8dC1c0km2vAI3EuoM4yqI39xqPqK0eGQBRHn761mMG8PP5p9G/61o8GxCKDuJU+JUlf2rneEV5Yz6aDblXJ0zKV6jfoeR9DB9K63j1oZiOLWk3eT+XX/ahG2aQWtnad+cbTz9Kv4ZRzMVi7vagbIk9Cx/YD9662MZjrnyWyB1KhB7vFF6b74ApI9b4XlKwrSedUu0mBQos/MWVV8CSPrWMwPZjiV2D8W0oPI3GPuFB1qXF+xGKRQ9y+hVRmLW7bMysPyyGbYaj2pfTtcr7BuSZhcfxNDdfLbygMw7rt3oY97eBI5DbStD2a7U2rG13F2id8r27ts9M1t1BjyM1m8Rh7ObQg9e7dTXnpLR5URwXZ+1dAyPlbol21cIHjac238O7mrsqLzlEnuSq0z2Tst2hOI+JNy3dVAhFxEe2e8W7joxPeGWZBiDtXTiuNnQHSsD2V4nbwSth5Zjcyl3KsgVgWAXIyh9iCSfSRrWlbEB9QZB5zNc+rqPpDGHcidTRPipNrCwo72RnjSZiB9WHtUOE4TO+uw1P+nrQ7toxu3LVhfv3AI8AYB9O+aOjGotmk7kkDbPDyb2CskGFT4jGNJZzceTtuqj1rb8XQG0Z86z/AGfJu4nEkkm0AqZDqmhyppsO6k+tEO0PEAFyKZPOnfFDRTckZp3rmXqDNTTVDoRItT5qhNKawSU0qjSrBOTUwpUwrpOQekBSmkTWMMxqJpzT1jHTBXclxG6OP1/3NZ/tvbCcRuFmGV0aY+4GtMi5hy2U+tGLnIjkyn+8J+hNZl+HHF4jEXrzlFNwjRZMtcFlCeQUMUEaEhXj5TXO4+5gk6ojhj8rEgDKhJkADQDXoau4jtCJKWELkmQYMaxMAanWT61lL65UVWZ8wY93TIEgajq2bMPICtXwJ1CDIuXr1PmajKKireRott1wV34dir0M7KoPJmiB/CAf9av4bs1aGrlnPnlX2Gv1otbauy0m91Sx9DbUc8Jg0T5EVfJRPvuaI2RVZKs2alLIxreCDQDyq9x0D4LA9P0oXwK7rRHjz/1RjoaKdaTJvqR5Tbw4a6AQD3tonntXqLdncNctKr2LZGUa5FB28q854MhbEr/EPE7ivW27qelV0O7fg2s+Dz/HdmsMFNtUIHJsxZl3+UnYeG1AfsN/CkHNNstlV9coJ+UOOQO08q2uIMsaOf8AZiPhzbdZV173mRqR0jT2raUXNtPgDltB/Acahw3xAIbvK68w4MZf0jwM0CJV8Y912CrhrUsxgqrZTJMbRmJjfeqPZzNbuYmw7StuHY8jkDa+ZXLVXhtnPh77vIN+5lMGCUQ53HkWIHvVcuo+MASy35L/AAHFLbwrFHRnd5fKZKiIUNIBmBPrVO7dLGSa4WcOqDKggfzuedSJplGi0VQ7NUZpxTGmoZMeaea5zSmhQ1k5pqjNKgGxU1OtIiuk5SNM1KKcVjEQaapVE1jDkT+nvXFbMYcgnTE4gQT8wVcTaRYjqwut5MTyrsKFcUxjLZwmuUjDB1HUshcuY+6HupEwZRuUEy1Lq0B8pGM4veDFCp0ysP8A3HI+hFGuz2KEZTWbxNuDHSBV7h18IdSAanONwpGi3us3Vq9VpLlZy1iyRIE+NdRxCK5aLWaVHFWLb1lF4tXZOMHpNBoxucBjMhBml2h7TW/hlQZblG3rWCvcWuc1ZZ2kEVVayziZ9iJ9jU3Hy8GoNdmOIL9pQsdJiTyr1THcQXJCmZrwy5w67ahyjgHUMQQPQ1quC8YlAjNqOtU3Unt7iOO55Npw9M9xR4yfIa1pMdcyofHT/WgnZe3INw89F99a7cZxoVXcnuorMfJQSf0rp0Vt078kZZlXgxXEboQY+6Nma3aU9TklwPHSPU11Fv4du3aJ1RAT4O/fYekgelYDhOJe7c1dgXYAwTHeYnbaZPvW4dydWJJ5kmSfEnmaeKyysUQeoNUyagaYdEaTGnNQNYYaaanpClGFSp6VYw0VKnYVE10HONTk1EmkDWMI1GpsKiRWMJTQvi2Ea66KqwgVEzRAS2miIusudyW55/y0UAqVtCxCqCSdgBJPkKWSvBq7mas9jnuXURHnOwDEiCCT3iB0rp2y7LJg74S22YFQ2u4PjJ9a3nCLJw99Ll9SgAYiRLTlIHdEsNzuKG9pAuKxBuKHKjQd0iQPA61zaslF4Zoxt/AC7PcBR0GdZJ94rT3P6MkuLmt32Ro+VlDLP0IrvwfCNKjI4H8DR+lb/CFVUCRttt9K5tJuU8vA+o9scHgHH+zeJwbRcSV5OveQ+vLyNBPtxGxjyr3Tt8QcOwOxgf8ASvBMbZ10qsKlJxfYW2oqR1bGM27E+ZNWbFxqoYPA3HYKiliTAAG5rdcM/o4xzAFglsHXvOZHooP608oLhGjPuwN9ueILsR0JJHtUUug6zEVob/YS8hh7yegY/wClVOI9mxZts5csRyCwDJ8Sa51tToo3Yb7Pdq2VFswAomW1zGTPoNeVc+2XaBWtHDo0Zx3zEwvQjxOnlWDTHPaaVyz+bX3E1Z4s1t0S5bdzcYD4qZIUNGpRpkjWPrAq22WM4J+39h/sPYTKp0zhiwPPufFYHTbe3Rl2rI9liyuf4SPUkDatYTVNJU2/LGXCGzUjTUqoEYtTE0qYCaDGSElskwBV63wxyNqKcKwiqoJ3osoFcGr+U06iXUElky//AGU9KtRFKo/5cw7UYwrXMrVhlqBFe4eemcDTc6nl6VzdwNCQDqdxOm9KMTqJpkvKdmU+RBqRpjHTDW8zqpDGSBCAFvQEge5opxTE/AXLb+Db/jvMzn+IW0ge5FCbN60jq951RBJJYFp0iFUbnWuXF+PW3aEbENOgJPw09EUDTzqOpLsbLYJxN1naSbTGfu3nSfoKVsNoAgJMEZMYmbwOVwevlTJiuZdwOeYgjpudOe9XsHeRmCtdadAALAuGcoG0SSdCR/0rilKv+ZVRL/DcbeQ5bf20HfuWsLiV2EmVVWjUc/vedW8Z2vv21g3zP4b2DvWW9y7KeXKk3CFRRku4YAnPlu4a7a70QNUYQ0SNpIJoXi8PdYFldNOWHx9xdgNrd4MOmxrKcGsP/VA2u7a/gP4j2iuXfmNszuMqgnz7orP3FDGcntP7GrXEEee8G83VG/vLE1QHp7laaEUlgMn5Nf2OuYe0+dnRCoki5oIGsg6H2B5mK9ewfErbpnV0K5cxKsGERJM+VeHcJvsNQ7iBJz21u2+sMQZUb8q62BnuLdVLICkkgW1QNIjvquhXXbeJmipbLYstNSpHo93iSX5dCcmkEwJBEqd9Add42PSqd7hpxH9UCBmnU7CNaHnHfAAQsMMI0zW3ay+331ytmmRrImdN6lg+LXUYMhtv422BkdCrBf09altTabDTXSVLvDEtOyKAQrMMxUSYY6mh/EsMpAJRmABhVGhMaTHyjx1/StAbecM4MPqzI/deNyyg/MuvLah1xwGCyMxkgcyBvpXdUXEVeARwfh5Q5m6aeM7mOVFTUqiaMVtVDDUxp6UVgkWFPaOtPSilYyNLhLoyirS3azmGxUaVfGKHWvN1NBpnVFqSCvxKVC/tQ60qn6LGpAi5eVFzOQqjcnbyHMnwEmhOJ44gByI7mNDGUT1JMxHkZ8KB8WxTC4ySRkMZm+c/iKA6Kp5RvprVK66cgzHq2/rXrucnxweXSRbx/GHaO6oB5HMwnTeTlnyA2oPexLEEEmOYHdXyIG/rVv7WRae1AKuUIJ2TKSSVP4mkDynrQ281AA51gknQQPADYDwojgOM3LcAsWX3I9DuPCR50IU1Yt0G2jRNQ/F2dUe2EDq0guFIzR9zOCuffRh4jaaq4njOIcH4rkk7FnAHoFEGhuFxBtsWADAiHRpyusyAY1BB1DDUEA0YJt3IKkwfldoDHaVvx3cw2LDwOoMBJTfLHStgVse66lkJBBGmunlVvhvEbjvrbW62h70BjEbvGYzA1JmrbcORtC2R5ggwIM8+UeI61DDsbDGMp8djUpTi4ulkpGLtW8BRuM3AO9YdemW/dIAEggr8QA+1B8XxFGPeVwRzLA+ehQn+8atvxJWEEFeUcqG3lB51HT590aKSpdLKrYpZ0b3EfoakmKPX6j965vhgarXsKV1rrUYsg5SRocHdtP3TdFl+TG2+p5APbOk+Io5wbCGUtC7HxDLEFTmI72WAdTOkfrQTh3DgqhmY6yNs0EoxXTTmBz0nnWhw2AZ/6tb7AqsK3fykmJTK0CInYbAkbVyakk3SeC8U0m2gubV0EG20llBKW8SFeNYnD3lNthuO7A0obfUK3fRVfqVbCPrz7pa030mg44+rqq3fiBlVVJOVlMADMVIOvPulZ+tTTiLR3LiMo2TNl/uOSm35vSqPcsUIkuQ7h8Q6iGeFaNLyAW31+UXBKAnaYH8Q3oWeIziEuFBbR2e2uabg0IVoUEFgpY6gmYiTBnjbxzZWRLZR2BBCSuYH7rWzKuvpz0NUOK8K+Ew789xDG4UuASB0En3BqscxoVupGtvKATB0npHlpyrgWqricUHRXUBdFVlEDUCGMTIkiYjY7zQpsY3WuiLTQkpbXTNBmpTQFca1TGMNGjLUQZLU4NBPthpfbTQ2h9RB2RTh/GgiY0mnOKNBxD6gZz01B/tZpUNofUBPGuOPcJVmV2zFrjqoVSTEJbHJF2B3YyelBHcnn7Ck+lcXegq7EWyReuLNSiuqWZo4QOTiBXVatphDG30rsuBPQ+1I5IKiykJq5w65DZCYD6A8g/3T5cj4E9K7LgqfEYA5CQNhm9t6XcngdJrJeCZ1ykd5QSh1llHzW/NYJHkw6UNuBucmtBgrYu21eYPdJIElWO5/5gT61yxHDyGYZQIOy7ASRAnWAQw110pGqyNYBWNnBjqsSDy0O/0p/srH5O+Py7/8u/tNFl4czd1ULeABJ9hQ7E4Uo0EFSOoII8+lFOwHCzcAJBkEaEbEHoQdRU75kDpIq4mPDALfQXVGxJy3F/huDWPAyPCquPsWxHwrjsv4LihXQ/xLKuD1EHwoqjdjYLhJyIrKrZg4JgCFBA1Okkn6UU4et4i5cPfV2I3GjID3YOvTY7ciNRn8Bxu0xBuiCEAAyFmzCc8ER3ee/pWm4fikbDq1rnKsV0M5cneUnTd9YiBINce2SllHQ5JoxmPt2ZifDb/eht/hL5We13gFLkr+Ebk+Aq01lSyFyAucqRIHyoWRe9oMzAjXcgirfAsS5UZihZ7VxY0WQyO66Ad4lRcWTzRRXaoUsMi5JvKKvZbFOGYjUW1zkE6hQyqTG7AFhMaiZBEVYxL52IH3iYkkkbxJ3PnQ7h2IFnEBm+TNlcdbbjJcH/KzHzAopjcKbbsh3RiJ65Tow89D61VRw6IuVNWG+z+ER0dHfYK/eKqGI0ImNPAD61nsYgV2UGYJE9YO9GeEIudXfJqcnf1Et3Q43y5dz8umx1qpx3ALaeFcOvJ1IKkgkGCJ/U7io/jy5i3kbWV00C89IvTKBT11WTQwenNymiotQsNEhcrotyq80s1AOCxnp6q56VY2Ahd4NhsSufBXsr//AILzAgn8KXTEHorgT1rL38MyMyupRlOVlYQVPQiuq8OCILtu+uYTKaq6jqdwQfarA4t8ZVS6BmQZUbnA+7P4fy7DlFTaa4yv6FNPnDK1rDyaM8O4OzmANascKwCg23czYd8mcf8A2nn5HHKdCJ3BkV6ULWGwaB7rog5SwltJ7oGregNRnKTwhkkuTOcO7LtGo89P0okOye2w9Kmva65iDl4fg3u8viXB8O2PGf8AUg0Px1y4SVxvF0tnnh8IoZvKVGYnwINBaTfLDvLl3sqi6s6p4sQv6mqWLtYNLbhr6MSrqAhzsSVIAAXTcjwrtgez+EbvLw7HYgna5fb4QPozqY/4atP2e1gcGw4X82LIb6Kf1ploruweozLdjrOYXbbCQMmngxKn/GtEsFhWLOHMtlR56hu7PnIn/io7huDJhy7DBfZ8yrLLiPiqwW7bbKAdVPOY5VXwSTiCn5L9vaNbboR+9aeU6+zR7A77LlYMujDY0ac2sTby3kUuBvADHxVt5pXbFVXsxUY6jQ0o2Zfi3ZbJL22LL+EiCN+Y0J9qAtbMQAD516E94jRhI+sfvQPF8JtuZQlZ/XxH+lUbTygRdcnTgmGwqZCuW47hUNu4sZWVgzAHYOQCoB3LCDyL8YwwYItr/wClaM/w3m2HLCC4uAwD3cuUxt1NTw3ZR2IdbyTrOhkjpEQdDsa0eC4FChM5ddTDBefXTT0pYwld8jynGjzLimCupK3kcB4bocwPzqRoxgt70b7KYG7fc3nzFIOckEpcYCFuIOThlExpPma3D9l3VCLLqVPzWLnetP8AwndD4iqy4m6ii0ii1cVcq27moI11tudH/nTnXTwvciN30nlPEgA8+YI6Gef19qPYnEB8PZvbkKLD9fiWlGRifzIUP/Can2hT4p/rkKXVAGYCJAH3hz8x41X7NISz4ZwCl6Ap+6t1ZNpieQJJQ+D+FaM0aUbHwGOAMHTcSYhQdz3iAPOjHF8b9pQMsOUUBiinKAAQSWIAnug8+evKqFjhyq2YI5IOXIRJVpy89NDpBrS4K82V7L3kyxnMgt3j3WVWbKAY8DtpXO5xhq35KbXKBgyYps1Sxdsq7DeCRPkYrkhruOY6Fqgxmmao5jQCImoFqizmotNANkppVz16Uqxivjdk/g/ehTfN6/vSpVocGn1HonAv+48R/hw/+JqAca/tF9P1pUqhHuVkeu8b/wDDD5D9BWO/oj/tm/iP6UqVCPAvk9Q7Vf2JrxDjXzmnpVtXqNp9Joexfy3f/T/+W1Wg4d/3o/8A9X7UqVDs/oZ8l67vVa9tTUq5SjB2Ioad/wCetKlVEKGeE8/P9qOYH96elV9MlM0Fus529/srf/qf5TTUqvqdAml1IAdrvkteX+QVhX+f1/elSrniXZ6lwj/wj/8AXc/xtWe4R/bH+B/8a0qVS1+uJTS6JAPtB/bNQelSrujwjllyI1A0qVEBA0zUqVAIqVKlRMf/2Q==', N'C3PO', 0, 75, N'fue diseñado para interactuar con seres vivos pensantes, androides y máquinas. Es capaz de comunicarse con más de cien millones de formas de vida. Fue construido por Anakin Skywalker en el planeta Tatooine, para ayudar en las tareas del hogar a su madre.')
INSERT [dbo].[Personajes] ([IDPersonaje], [Imagen], [Nombre], [Edad], [Peso], [Historia]) VALUES (21, N'data:image/jpeg;base64,/9j/4AAQSkZJRgABAQAAAQABAAD/2wCEAAoHCBQWFBUWFhUZFRgVGBUVGBgVFRIYGBUYGBgZGhgYGBgcIS4lHB4rHxgYJjgmKy8xNTU1GiQ7QDs0Py40NTEBDAwMEA8QHBISGjEhISExNDQ0NDQ0NDQ0MTE0NDQ0NDQ0NDQ0NDE0NDQ0NDQ0NDQ0NDE0NDExNDQ0PzExMTExMf/AABEIAOEA4QMBIgACEQEDEQH/xAAcAAABBQEBAQAAAAAAAAAAAAAEAAIDBQYBBwj/xAA5EAACAQIEBAMHAwMEAgMAAAABAgADEQQSITEFQVFhInGRBhMyUoGhsRQVQnLR8CNiweEzkgc0U//EABkBAAMBAQEAAAAAAAAAAAAAAAABAwIEBf/EACMRAAICAgICAgMBAAAAAAAAAAABAhESIQMxQVETIhRCYTL/2gAMAwEAAhEDEQA/AMuMWmvinRi0H85VYPLm8e0mxtagF0BzX+0g4K6LWG/rlB+OI8RX55l8ZX0GUwZMU45zXxow5UanE49SLXj8NxBUWwaZtcYCNRaTU6vp1E1gkqHkmWrVEYksx1j1qovws33gCG8eIsTdhq4odTJFxi3tc25yvHlOiLFAWX61OpkJdCbkm8FUTphigLFOIqBa5sYAyUSb2PqYywnVURYpAFo6CwF/WHYesnyn1lYBeSobTLigey/TE0xsmvnLii3hDC+vK8yFKpNPhXvTXymJaJtBwq/2jc8BLd45G16zNhQS9+s46eE3MfykGL+HSIaMv7RnRYJw/lC/aP4V/wA6QPAsNJf9SsOz6F4P/wCCl/Qn4hkA4G4bD0SNfAv4h8quiD7PH/a82xNf+ozMO00nthUBxNexv4iPqND+JmWM5GtnbD/KFmP+GKcihooDfoDGnAk7zWfpV6WkVTBrbabzkcf1MjV4X/tgFXhw8ptnwXQ+sGq4X5lmo8r8hjF9GErYRl7yJKjKf+JssRw0HVfSUmM4fvcWMrGaZOUK6AlxQtcaHpC8NXDSPHVKXu0VUs43MCw4IYchHYXTouyI+NU/WdtEUOgR6iNQEyRdN4mxpDMmskFI9DJ6dQdBCxXyi5Gkw5P0axAVTtHgcoQa6HmAZwqt9CDFl/DLiRos1eEpEUh5TNJT2117TVYR/wDSHlJydmGgMkyWkJEDeF4e0nYydEv9IyttJsw5SGobm00ZMx7SUCVBGso8NVtNtWoZtGGkgThlL5ZRTWNG06LD2Q9rjhyqOS1M2HUp3E03tL7a0lp5cO2d3HxWPhH95kk4cgHwgSSnglPIekWbSpA8W7M1WrlrnUkkk33JO8FLt8p9JsHwSA2IE6MKg5CK16NLkox3i+U+k7Nh7lOgihkvRr5mTESFk1jwbTrRnOQusiywnecCxUaTAKmEB20MAxWGB8LCx5GXLLGvSDix36w66NJ+zDcS4bbl5HrJ8MtOqnu2AQpaxG7GXmJo6lH35GZ7G4dkfMPiXXzlYytUKgNWZLoRqNu4heGplh+YyjSqV6mdtLbkaCaKjhURdv7mE5qJqMWU9RCo/wA9IvckKDzOoH/MtPdeK7DbZeQ7mMqIDqSAN7/5yk8yqRUMxGpg+IxDNuTpLGtSU3y623Y7QBKOZwultyewlYtPYSQsLRZgW5dZI1bLpex/zeOx2LBsiDKq9P5d4A6a2mlvsm3SpBC49tCD2mn4LxkFShNjbbrMdltf6R+Hchue8zKCa0K90zfo1/P8yekeUpeGYy9gTrprLsUSCDyOoM5Xp0wlGgpWjRpvrOBbd4haNGB+YERtu0mW19Jyo1oxDMk6FI5zoeIvADjAk6xlp01I0PADmsUVjFACZZG/lEa67Roe82A6cHSOtObwHRGw1jHElYRgEBA2Pw+dLj4l1EqWoCqovoRofpNEotK91UFso3N7j8TMnRSGwH3YFgo7WHOGLT267eXeO9xlsTbM2w6REZRcm55/2Em5FaB8Uirt/wBk/wBpV4lG0B58pcKb3duWw6QSum7H6Qi6GmVtTQWIsOkBdSdQMt9NJYVKZc9OZMFqNyGwnRFmmgQU8vn+J2jhyT5yejSLNbqZa4fDqLr9+kcp4iUSjXDXDm3QSFqVtZc0tQVGxYn0EEr4cg+cIzsJQXZPwq2Zbk/98prcHUzIFv8ACdpmeEUruqjmbzS4ABWObl5cpDlf2E46CeX5EjY9IRWy7jn07wa4vFHo55KmPoHvJGcbSAWjmNoxDi0S1LyDPOh40DO+8u0kMgG2nOPQmMRLnijMxigI0n6Gn8ogeL4UtrpoektrRS1ILMoQVNmEedR5S14pQHxWlRTbWTejVnXFxeMAkiDUiNAgIjqnQwdLAgnaFVtrQYICSem0lPbotBUhuJYg5jufsIO1RTbt15nmY7GNrcm5ldUqHeZSKB71AewErcRVzsbbDadrV7KBAlqmUjE1iOY302jWp3IAjUJJOv0EJpadvKbboaJcFQAN+m0Kal4bc3P25zlIDlzhlKnuTyGkjKTs0DYfAFRqNzoYzE4QFr/YfaXmJK3ULyUesHRLOeYtJqTTH4KrDYfK7NqLA7dTLLAvr4t/zGooOaTLQswbcC23Q845OybLIUTbUf06bjpBXHaXnDyhVc2tjpM3juJqHcKL6mOMn0TnFdjnXmBGvc9oG/GCBosr6/HX5gSyTZLEu0ZeZklRk0sZlzxe8cMd3msGGJo8w6gwlayDTnMquPtzi/ce5hixYmp94vadmW/cR3ihiwxPVYgIgYgJUwD4pAVN+UzqJdz5iXXEa38R9ZVYekd/rJyHR1U8RkfWSrfxNIxEIFxTaW5nWcoWCmRVz4z328px6oA8hIt7OmK0QYlb+ZgGKSwttJi5JvfaAYioSxubgQirZuKIdDcCQMutpccPwOddtTLOlwRE8T77+U38iRbEzlOmVFyPLrGPV1mhfD0yTZb/AF0H1gOKw9MDQqT/AFawU78CxXsZgainff7S0yXKgHzlJQUb2mg4RSLXkp6ZpRsmpUspGb+Rv9JJj0VQSDa4lt+3hkzE6rKHiiWFi1uUmtsGq0D4eoLfmWNPFgkA7FcsrMHgLm4ffrDMRw9kUtrabdE2mWuBfK2U/SZbiKZa9Uf7r+tpp1tkR97ixlH7T07VAwHxqD/npCPZOS0VFapoZS4lry+pYfNTduglDVnbCiF+Aa0eDJFpx60hKDoVJL84SuFPWPw9K3KFihcXk3LYXQF+n7xQv9M0UMmGSPS/3Gn80bSxZqMETS/Myh93CcMxU76dpnJsmjQ1uFXBCHNbVm5SpqUDY222vNBw3FNVGRRkQb9/rO8Vw6WsugG58o6NMytU2GX1jKKX+mslrak2+kkpUyEc2/iZkyuykxNTUsOZsPKVuI26ljJaYLXvpqYNXvsNJDydUURPUsCvUQMDMwUczH1iBzllwHBFmzkaDa803jGysYmg4dh8ien4keNpu+g0EtcllEFYznLtAmGwqpbOM3T5R9JRcQ4eDU3XIL2C2AF5paiZoLVwiDvKxm0iLgnK2VeAwI1zG41I7S0waEAhZ3D4W57dIf7rKJOUrLRRJgHJDJm3lbicK7Ow08PMi/oIVhRZiRC61AsQwNoougnG0UdD3l3y2bLZcrLrYC5YEbSWvjT+ncG9+VzNJgsCFVr633lZx7CL7lrC0pJp1olGLSd7GcNTPh0BOyhhK/2nbWmnRNZe8CohqK2I8JUW7WmSxtRnq1Cx2Yi3lFFbJTeibhlHNQr+X95n6vDGCZprOB6Uqw6j+8GxlP8A0DpznVFnLezIhJ0JCAmsNocLdgDbebckUBKG2sMwZLEA7Q9/Z2tYZEZ9OQMdT9n8UguaLekzZhonyp2nY39ur/8A4t/6mchZmizCxyD1nTGmBkPw2Mybk26COxPEWfTYSuAlrwjhjVGF9oDQ7hfDGc3toIbxXDrSUKNSRL8slBNftzmR4pj87M7HTkO0clSBMxuOolKx6HUSlxbOGI66y/4viDmViP6QN7QjA4NKnjtcWNwbaGc0pYuzu4tqjP4DC5ze17EAzW4CmEFhIBhUpFiikEjXpJKD31kpSyZfGi0RriMZJxBOsbTJtEbNEoF9Y5lvG2N7QTE0JtDG4iuiau1jyEkqEEHrKWrwtXYtULHyY2MdJgk6LbCV0JAA353lqyLshvb8zO4LDhaiqNF6X1lpwfBNTd7uXDEnW+kaQMs8OW2MC42P9Gp/SZYkayt4yCaL23taNmSv9lKzFSOWglEU8dT+pvzNBhSMNhS+l226liOXleZ/AEkEnc6maj5ZycmtFhwzRKg7f3l5wX2ebEUvG2RCd7XJ8pSYDRX7/wDc9D9lMSHw6W/jdfSdHGraRzS1bM83/wAermFqngvr4dZpsBwChSACpci2ray0JjQSewl1CKMOUmccBVJtsJWcN4t71iuUi2xIIvLbLOZB0H0Ajcd2gTO5ewiitFNCs8uBiCTnvB1jWxCj+U5jVBdFBfUy8wnE1prZZk2xyjbWQVuJab2hZpJo0PEeK5zdjfoBKDF43W5sTyAldVxxb4fWAHGKrC5zGLbGiwxa5jfnaV/7m+HY22O4htLF+F20udu0peLm6g/WYilJ0zoi3HotKftAapyAZb795b4AFSAfOef4GpkqI3Qi83y1PgbqJPmgovRfjm5LZdo068HpvoJKrXMiWTCFGkHrOB5yd6ll8pn8fVdiclj5wQNlh7y50InKjqvxMB9ZQNUxA0Che95PhuHuyku5Dch1m6FbSNFSZGZCrDTylrqJia1B0AZWLEH4bQ7hnHnHhqAr5gwoO0a5tryOrSDgKdiReCYPGh1BkuJrFSluZmWzLdIy3tRiQ7hE+BBlHmN4LgAcpjeIU8ruD8zfmE4BPDLJfU4pu2G8PolrqN2sB9dJ6bw3CLSpqg5AevOYX2Zp3rJ539J6GTOnhSq2RmcZxzP/AHEGPSdyDeOlUm+zFrwRsW5ATpc9PSPijxfsVkfvD0PpFJIoqfsdngq4gnr6mdevaDDzneIUEFHOG8XS8ioopY58UebACRtUvqoLd9bSnw1QB1Z7sBymmwvEVZXVUAB7RuOINlPjHcDoD0gtCkznTWXtXDhxYybD4ZVFgLR3SEmBlMoAlfxOpfTpLx6N4HVwwJOl+sjF07Z0RkjNohv5TaYGpmpIemn5lJX4eUY3HeWvBSPdso5Ew5nkrK8Sqy6w1e3OFo95Sh/pCMNirHWcpdSLOu5taQJTEeKgbadZNdIh2QVKxBtbacOOcHa8I9zCqOHUjUCMaZFQ4gLi6dOUswVYHwjXqBzip4ReQj3XLpDYNtg2Fo5LgQjEMiHO+pAsB3k3DMOGYE7E6DqYJ7UWzhRyteNRvZz8k60Z3iL52LW3M7gV0M7WSS4BNDLeDku2XXs6ctdO+k3qraYrgGEL1lPJPEZt508KtMnNiiiilyYooooAKKKKAHgGGwpCi4N4+tgc9rgwxcQ3X7R4xDdftOezdgCcOUfw+0KSgRsv2k4rt1+07+obr9obFZF7luhkiUm6GSLXfr9o79Q3WFBY00W6GcXBkA6b67SZcQ3WT0arFgCdJlx0NS2UPF3YjbcWvI+AAjMDD+M0CO4B18oHwhbOw7XEjJ/Vo7uJ3RZ1KfMSMrDUN484cGQsu4gKVCuxhdPFg7wfEYVl8oEzRoT0Xn6oWhAqgoSDYiZlnPWE0HciwGnODQZaNFwvHdTeWIIbUnnKLBUCvOWiNYDtrCzSujQ0RSFdaYN3VMxHIDv95R+01O9YnsPxDvZ7Dvd6z6vUNgf9g2EXtLR1Ruuhl0ljo4ZdmVcSfAJvGVlF4ZwxLkwfROPZrPZimArHmSB+Zeym4AbZl62P5lhjMRlGguTsJ08clGNmJRuVEtSsq7mQnGjoYOmDdtWax7R7cNB/kfWZcuSW4o0owXbHjiC3sdITTqBhobyqqcLbk1/OD53pHXT8GYXLOL+y0b+OMl9Xsv8A6xSn/cz1EU3+VAz+PI8lQSQCTLiF+UR5xC/IIEwcCdEJWunyRe/X5ICIQY9ZIK6/LHHED5RGBGI9DrHpXX5RHmqpuLWMTBKjruGvpe4tAaNWnnypbMN7cpecGwod255UY/aZbhdDLXfXXX8yU0sWdPDbki6RZOrSAi0lDaTjPQOO9xKfE4bM1107S1riwPeA0gc/abizLRyigVe8PwzAQXEpY3jaVWDBJFur84Xh0LsqDdt+w5ypSvYfYdydhNf7O8PZFLuLM2w+VekcI2zHLKol1SphFHRRb0gtdfegoVsDs3SFgXFuUcq/QTrOJmQ4zwVqQDg5156agwbhfxGarF1iwyjYnLrz6wfE0qYyqbK5t8I1I7zEo+gSCOGvZr8raywpU87Z+WyiB0qOXQkbWlrQWygdAJTjV6fRnkdbXZJFFFOkgKQ4nDq6kH8SaKKUU1TGm07RSfsI6xS7ikvhgU+WXs8a/a3+cTp4U41zj0hrv1hat4REYspxwtz/ADHpHftT/OPSWhTWwvJE+HaAWVCcKcj4xJKfCXP8wPpLNKY3kyp3hQWVI4Q/zyLF4B0AIcG/aXqo1iDr0ki8LL5c2gHeJggj2TwTIhZ937cpjcZhTRx1RTsxuPI6z0nCKFUAbDSZv254eSErqNUsG8usnJXE6uPTRVOkYxtH4dw6AxrpOJrZ3IjqN4ZDRAvePbpOARjJnYW1F4xKaC5jSveOw+FLuqDcmNbFdIuvZvh6u/vGXwIfCDsW6/SbAm+0GwWFCIqDQKISg1sJ1QjSOKcsmTLIcQ9gD10tHV6oQdzsJX1HO5Opm2TJaK5m02WC4Px1mc66kDyEId8lJjzbwiQ8LTUeRiGWFZLkSNsSybH6SbEuFF5Tu5Yx9Bpl7h8cTuPSFJiVP8hfoTKPD1baSAMcxvNxm0YcIs08Uo6WMYGwN/OG0+I9R6SimmTcGiwig369O/pOR5IWLPOuFvRV81X4QPvD04jgWzufCNkXa/cSnaiDvG/p0uAQNNhJWJaLnh/FsPTRjUUlm+G45coGla5JAsCbi/KQsgNrgabSdKZOwgPsnVgfzLShTomnuWcjlsIHh8Fbf0llSoAAWFoWOMSClhranWHUBp9ZDVMlBsoiu2USSJxoWH1iqU1qIyNqGFjEBsY1HsZk2jz5aTUaroeRNu45SwIBFxLX2twNwlVRqNG8pT4c7Tk5I1I7OKVoHrJrOIphtWmI1UmCpB7uaL2awFgXO50XylZhMOXcKOZ9BNjQpABVGwErwxt2R5pUqHObDzj0bKmYyDEHURuMqjKq37mdJxsidyxzH6DpIHa7AdTYSRjGYYDOXOyC/wBZmhnMe92VOSDXzML4eni+kAoozsTzJJP9pZ4QWaw5RiIuJv4go5awRUhePHjv2kEGCOU19Zxo+m1pG51jA4I+m5vOBY6muo84AF5/80ihGQRQoDz6n8JkTfGIoptHOwhNxLjDbCKKA0E094WsUURREWL5ecl/gv0iiiXYwgcpF/KKKI0uiPjf/wBd/KYuhuIopz83Z1cHQdU2EjEUUgdBa8C+M+RmpWKKdPB0cvP2CYrl9ZXt8cUUsc4Q3PykdP8A8VT+oRRQQBXDtjJcH8RiigBHxH4pAJyKIEISNtooowZIkkp7xRQAsYooowP/2Q==', N'Luke Skywalker', 28, 68, N'fue un legendario héroe de guerra y Jedi que fundó la Nueva Orden Jedi. Era el hijo del Caballero Jedi Anakin Skywalker y la senadora Padmé Amidala de Naboo, además hermano mellizo de Leia Organa.')
INSERT [dbo].[Personajes] ([IDPersonaje], [Imagen], [Nombre], [Edad], [Peso], [Historia]) VALUES (22, N'https://d26oc3sg82pgk3.cloudfront.net/files/media/edit/image/2803/square_thumb%403x.jpg', N'Leia Organa', 19, 51, N'Leia fue la hermana melliza de Luke Skywalker, y poco después de su nacimiento se convirtió en la hija adoptiva de Bail Prestor Organa y la reina Breha Antilles Organa de Alderaan, convirtiéndola en princesa de Alderaan.')
INSERT [dbo].[Personajes] ([IDPersonaje], [Imagen], [Nombre], [Edad], [Peso], [Historia]) VALUES (23, N'https://pyxis.nymag.com/v1/imgs/6ca/700/5ed153db47b0b6ccb067d29e2429408b00-07-han-solo-harrison-ford.rsquare.w330.jpg', N'Han Solo', 32, 80, N'es un contrabandista al que contrata el antiguo jedi Obi-Wan Kenobi para que le lleve —junto a Luke Skywalker— hasta Alderaan. Dado que debe una gran suma de dinero a Jabba el Hutt, Solo acepta a los pasajeros en el Halcón milenario sin saber que acabará uniéndose a la Alianza Rebelde contra el Imperio galáctico que dominan Darth Vader y el Emperador.')
INSERT [dbo].[Personajes] ([IDPersonaje], [Imagen], [Nombre], [Edad], [Peso], [Historia]) VALUES (26, N'https://www.sideshow.com/storage/product-images/902759/chewbacca_star-wars_square.jpg', N'ChewBacca', 200, 110, N' fue un guerrero wookiee, un contrabandista y un luchador de resistencia que peleó en las Guerras Clon, la Guerra Civil Galáctica y el Guerra Fría. Fue criado en el planeta Kashyyyk y se convirtió en un líder militar.')
INSERT [dbo].[Personajes] ([IDPersonaje], [Imagen], [Nombre], [Edad], [Peso], [Historia]) VALUES (27, N'https://www.sideshow.com/storage/product-images/300795/darth-vader_star-wars_square.jpg', N'Darth Vader', 41, 136, N'aparece por primera vez en la película original de Star Wars de 1977 como un cíborg despiadado que sirve al Imperio Galáctico. Se le encarga, junto con el gobernador Imperial Wilhuff Tarkin, recuperar los planos secretos de la Estrella de la Muerte, que fueron robados por la Alianza Rebelde.')
INSERT [dbo].[Personajes] ([IDPersonaje], [Imagen], [Nombre], [Edad], [Peso], [Historia]) VALUES (28, N'https://www.sideshow.com/storage/product-images/908512/jabba-the-hutt-deluxe_star-wars_square.jpg', N'Jabba the Hutt', 600, 1360, N'se trata de un ser de la especie de los Hutt, nacido en Nal Hutta. A simple vista es un enorme gusano de más de tres metros de largo con una pegajosa lengua y modales bastante pobres. Era un señor del crimen y dirigía un imperio criminal de gran envergadura a lo largo de la galaxia.')
INSERT [dbo].[Personajes] ([IDPersonaje], [Imagen], [Nombre], [Edad], [Peso], [Historia]) VALUES (29, N'https://www.sideshow.com/storage/product-images/903351/boba-fett_star-wars_square.jpg', N'Boba Fett', 38, 78, N'fue un cazarrecompensas humano, y el clon del infame cazarrecompensas Jango Fett. Boba fue creado por los clonadores de Kamino y era físicamente idéntico a los soldados clon creados para el Gran Ejército de la República, aunque Boba fue inalterado y no creció aceleradamente como los demás clones.')
INSERT [dbo].[Personajes] ([IDPersonaje], [Imagen], [Nombre], [Edad], [Peso], [Historia]) VALUES (30, N'https://www.sideshow.com/storage/product-images/907059/lando-calrissian_star-wars_square.jpg', N'Lando Calrissian', 32, 79, N'es un viejo amigo de Han Solo y el administrador de la Ciudad Nube flotante en el planeta gaseoso Bespin. Antes de los eventos de la película, Lando hizo una carrera como jugador, estafador, playboy, ingeniero de minas y hombre de negocios, y fue el propietario del Halcón Milenario hasta que perdió el barco ante Han en una apuesta')
INSERT [dbo].[Personajes] ([IDPersonaje], [Imagen], [Nombre], [Edad], [Peso], [Historia]) VALUES (31, N'https://www.sideshow.com/storage/product-images/905520/rey-and-d-o_star-wars_square.jpg', N'Rey', 20, 54, N'Rey se presenta como una chatarrera postadolescente que fue abandonada en el planeta Jakku cuando era una niña. Más tarde se involucra en el conflicto de la Resistencia con la Primera Orden. Poderosa con la Fuerza, Rey se entrena para ser un Jedi bajo Luke Skywalker y la General Leia, y se enfrenta a adversarios como Kylo Ren.')
INSERT [dbo].[Personajes] ([IDPersonaje], [Imagen], [Nombre], [Edad], [Peso], [Historia]) VALUES (32, N'https://www.sideshow.com/storage/product-images/903096/kylo-ren_star-wars_square.jpg', N'Kylo Ren', 30, 89, N'Es hijo de los personajes Han Solo y Leia Organa, y nieto de Anakin Skywalker y Padmé Amidala, y aprendiz del Líder supremo Snoke pero realmente era aprendiz del Emperador Palpatine.')
INSERT [dbo].[Personajes] ([IDPersonaje], [Imagen], [Nombre], [Edad], [Peso], [Historia]) VALUES (33, N'https://www.sideshow.com/storage/product-images/400307/bb-8_star-wars_square.jpg', N'BB8', 0, 2, N'BB-8 es un droide que pertenece al piloto de la Resistencia, Poe Dameron (Oscar Isaac). De hecho, puede encajar en su nave T-70 X-wing. Es un robot esférico con una cabeza abovedada de movimiento libre. Es de color blanco, con detalles en naranja y plata y una lente óptica negra en su casco.')
INSERT [dbo].[Personajes] ([IDPersonaje], [Imagen], [Nombre], [Edad], [Peso], [Historia]) VALUES (35, N'https://e0.pxfuel.com/wallpapers/788/805/desktop-wallpaper-star-wars-the-last-jedi-oscar-isaac-poe-dameron-2017-movie-thumbnail.jpg', N'Poe Dameron', 32, 80, N'Poe es un piloto de nave de combate de tipo caza, modelo X-Wing de La Resistencia de la General Leia Organa, y el robot BB-8 es su droide astromecánico. Él es enviado por Leia en una misión al planeta Jakku para recuperar parte de un mapa que conducirá a la ubicación de su hermano, Luke Skywalker.')
INSERT [dbo].[Personajes] ([IDPersonaje], [Imagen], [Nombre], [Edad], [Peso], [Historia]) VALUES (36, N'https://e0.pxfuel.com/wallpapers/132/989/desktop-wallpaper-star-wars-the-last-jedi-john-boyega-finn-2017-movie-thumbnail.jpg', N'Finn', 27, 87, N'Finn es un Rebelde de la especie humana y sensible a la fuerza, miembro de la Resistencia y desertor de la Primera Orden. Durante sus primeros años es capturado por la Primera Orden y entrenado como Tropa de asalto')
INSERT [dbo].[Personajes] ([IDPersonaje], [Imagen], [Nombre], [Edad], [Peso], [Historia]) VALUES (37, N'https://hips.hearstapps.com/digitalspyuk.cdnds.net/17/05/1485863852-star-wars-force-awakens-snoke-leader.jpg', N'Snoke', 50, 40, N'es el responsable de la conversión de Ben Solo al lado oscuro de la Fuerza y fue creado y manejado por el Emperador Palpatine')
INSERT [dbo].[Personajes] ([IDPersonaje], [Imagen], [Nombre], [Edad], [Peso], [Historia]) VALUES (38, N'https://www.sideshow.com/storage/product-images/300562/captain-phasma_star-wars_square.jpg', N'Capitan Phasma', 33, 76, N'era una mujer humana soldado de asalto Capitán de la Primera Orden. Sirvió como parte del triunvirato no oficial para la Primera Orden y en operación de la Base Starkiller, haciéndose cargo del mando de los soldados de asalto de la Primera Orden.')
INSERT [dbo].[Personajes] ([IDPersonaje], [Imagen], [Nombre], [Edad], [Peso], [Historia]) VALUES (39, N'https://bbts1.azureedge.net/images/p/full/2016/09/b18658c4-9cfe-4e79-8206-a27582d125d8.jpg', N'Maz Kanata', 1500, 3.5, N'fue una mujer pirata que ha vivido por más de mil años. Alrededor de 30 años tras la Batalla de Endor, era propietaria de un castillo que era sede de viajeros, contrabandistas y otras gentes.')
INSERT [dbo].[Personajes] ([IDPersonaje], [Imagen], [Nombre], [Edad], [Peso], [Historia]) VALUES (42, N'https://e1.pxfuel.com/desktop-wallpaper/823/590/desktop-wallpaper-movie-star-wars-episode-vii-the-force-awakens-general-hux-thumbnail.jpg', N'General Hux', 32, 75, N'Se presenta como un comandante despiadado, envuelto en una lucha de poder con Kylo Ren por el liderazgo de la Primera Orden, y solo es superado por el Líder Supremo Snoke.')
SET IDENTITY_INSERT [dbo].[Personajes] OFF
GO
ALTER TABLE [dbo].[Conexiones]  WITH CHECK ADD  CONSTRAINT [FK_Conexiones_Peliculas] FOREIGN KEY([IDPelicula])
REFERENCES [dbo].[Peliculas] ([IDPelicula])
GO
ALTER TABLE [dbo].[Conexiones] CHECK CONSTRAINT [FK_Conexiones_Peliculas]
GO
ALTER TABLE [dbo].[Conexiones]  WITH CHECK ADD  CONSTRAINT [FK_Conexiones_Personajes] FOREIGN KEY([IDPersonaje])
REFERENCES [dbo].[Personajes] ([IDPersonaje])
GO
ALTER TABLE [dbo].[Conexiones] CHECK CONSTRAINT [FK_Conexiones_Personajes]

GO
USE [Disney]
GO
ALTER DATABASE [Disney] SET  READ_WRITE 
CREATE LOGIN [yoda] WITH PASSWORD=N'dooku', DEFAULT_DATABASE=[Disney], CHECK_EXPIRATION=OFF, CHECK_POLICY=OFF
GO

USE [Disney]
GO
CREATE USER [yoda] FOR LOGIN [yoda]
GO
USE [Disney]
GO
ALTER ROLE [db_owner] ADD MEMBER [yoda]
GO
